cookie_id,score
ck_315fb710a0e371e7,0.0005204076991622963
ck_a76ee3b3e3e522fd,0.04646012432099481
ck_94c9a4d382689e82,0.020539750854242655
ck_8eaf9509ad9462a0,0.00046807324526982854
ck_9a88a5a989cb5bc6,0.006993728824791989
ck_15239ef0689c1a35,0.0051406736539208985
ck_8de69cd219d3b87f,0.13228153927344144
ck_f92cd37022b0ce21,0.012951498972810052
ck_1a3ff7620580a514,0.006137443849639867
ck_397c03aa33a57310,0.09896514868429492
ck_a7cf6c3b322f6b7a,0.0028119208683337026
ck_c39a9e75760e3201,0.004824711426282733
ck_88ab6d245228c38e,0.00025117940507977205
ck_17733f75ebdea93e,0.004734110024978758
ck_58eb871e8d7bed52,0.12278919747166661
ck_e55b7fa67db1ec27,0.0005021238696974617
ck_62f5cfe22c952694,0.0047404878713451755
ck_7fbb709a0fe95759,0.0018517653580718049
ck_87abe9cd066a20fb,0.021457583643547332
ck_d58e058b5c553dd5,0.014722328992301068
ck_d27b872648b71202,0.008198689135394795
ck_4b4a3c5b95c55b43,0.0007957668752940215
ck_66dd4f4b4127256d,0.0010463183851022219
ck_93cc12703b500613,0.0844982839061577
ck_d28806a2179092eb,0.9972016736541045
ck_0595c2a0c7881e05,0.003219592783700707
ck_50087d8666191144,0.4524565984994724
ck_b08b3f089138c901,0.010444851547185191
ck_fe3b67041dad2dd1,0.0004904197016978211
ck_8449a28f7d475d93,0.07954007026487292
ck_8642e3b6d84f49d3,0.009536189375662559
ck_e49b5e4f2f2e79db,0.460662406803573
ck_437afe412ea4259c,0.1471183752550421
ck_569b83668d74042d,0.9840876950999498
ck_233a487d31c3e631,0.9968182583544305
ck_1fca72e03143a645,0.8604035416585335
ck_79205e31223df2ad,0.04570957258553146
ck_9625a64406ea16e3,0.0029638069081342824
ck_079bd18dacb704a8,0.1730576438928898
ck_4db6d4fd2b49aa81,0.020809716008988875
ck_0dbefdac0a1868fb,0.0008092746393108082
ck_24ff97ad90bdd69a,0.07383126082027536
ck_77f8c5042065d506,0.003243573610878682
ck_f11be8ce05382cec,0.005944821464239154
ck_c9d72140b0389216,0.029493920120219532
ck_69eda24e931fb36a,0.0007549986549253621
ck_ed471e496916ee15,0.00148599983371177
ck_ff090498c4b17ac3,0.0065055393805814946
ck_c3c19d6a0720915c,0.0008222915468020813
ck_af02e1817cfa40b5,0.018004756392695342
ck_2df5a9fc87553eb1,0.001621340768401552
ck_4ac918e884cff336,0.04326136707321204
ck_ca149244b54ef3ad,9.347595283534054e-05
ck_6babe5b8674ff51f,0.003561116597682284
ck_1573878386886290,0.008828524790370626
ck_3925f8565abb7fe4,0.0016408911055337
ck_c4de808ae69c771f,0.00016691877321452697
ck_a777c813551281fe,0.002699073127811912
ck_df4424f6dd85080d,0.056852069981782716
ck_85e5494ec20383ae,0.015761817826330737
ck_f71a4094e889c3af,0.0013874279725533123
ck_f2f3cf9cd23b2809,0.03452614311531003
ck_18e2076397bcc211,0.04134049924130508
ck_c9f9fddef39bc664,0.02524497977496674
ck_7e826e233d6ea028,0.001334646273371737
ck_62fd7eb46bee9210,0.018196266819605254
ck_206f8e3cd72768f3,0.03533784457281013
ck_aa295a11b0a6ab36,0.00811027211937113
ck_9a56739d81f84a53,0.002562020304695923
ck_aa075c418ed9fe5a,0.008378887000730549
ck_62b9fb3db284941b,0.004181698202316612
ck_f4f83b1403ebea46,0.008472988146394059
ck_16b66bd803288bc3,0.4192584172653457
ck_c4ca1434f3778f1d,0.9950577444193103
ck_1b823610371a29c0,0.008521857115848332
ck_c2bd5a722aa637d9,0.002461913297370847
ck_7890208951df34f0,0.02352074415791036
ck_020eb0e454524ecd,0.0015710472613473813
ck_3b66196ccf436c35,0.006601730719905818
ck_109fc467ec0a4af5,0.04794022100861028
ck_f3dcd818db92de7b,0.01641145871715412
ck_31e7742f160980ef,0.006808976797272526
ck_77fce5f86f00b8f4,0.2069148341400968
ck_46bc797b4d07d607,0.0023453796108922217
ck_37899b1b571b1c6b,0.0036364565234719044
ck_ef8a6af43fedd464,0.0010209673281243719
ck_bcc8519fe8521038,0.048892153928099515
ck_90696b7182dd9129,0.006288065080633581
ck_4a24ad61d017e1ba,0.026812145663346
ck_0acc3d8c67218b9d,0.005431397956323462
ck_05c97fc9de11aba6,0.20951130353077171
ck_f8ac3a0500c0ec62,0.011041182458991649
ck_617b65141f546a1c,0.0019966607066934533
ck_9d00823bf60388d7,0.037366546455829756
ck_123c15d93f1840f2,0.03967310849014949
ck_573feefba6bf78bb,0.0487033786149088
ck_b25657bd16739036,0.009688494610594409
ck_bd26d2bef14a8597,0.012755108990878816
ck_a553418f2fba1440,0.011008629441209913
ck_89f3e380b0686963,0.002318668881899413
ck_b359192aa659bdce,0.00831361661749287
ck_02241f3dc301bebf,0.014038508577548564
ck_5ccc1a1c78cb33ee,0.1300695903203046
ck_349cc5edda1b8853,0.012007143954677125
ck_e9f228845bf6e28b,0.05893729520955959
ck_0a45d033d4e280ea,0.02589187125492722
ck_7e63168dda612235,0.0010553968477011988
ck_676fa5f6aae5475b,0.002216936932389437
ck_74b502b20690ccfe,0.005141400617966937
ck_073509af21dd7f5f,0.44117443199450607
ck_498a0acd450944d8,0.0016164812995093378
ck_7f15b50b29dead01,0.018140988107206987
ck_8089fe7403c5f537,0.019453555751483925
ck_05b2b04e11d9ae9c,0.009458030770664722
ck_31e70f2f04b48b88,0.0006534284514713911
ck_994316fa5a02b319,0.00047470261152433743
ck_b76510998b9a2260,0.02677297960880419
ck_4db95c310e105d30,0.00144017144953204
ck_6f730b77dc6cdb84,0.003908350169602442
ck_2493ee8e7b91d304,0.0568031141635599
ck_92d679d6ac7dcdcb,0.10566602940517938
ck_3a0e0200cbb185cb,0.020644232189286193
ck_0b2eeb4e00ff7955,0.02298079602150453
ck_9843d0e61c37ebe8,0.9976493572387996
ck_e61c8721e3ef1921,0.0070242819157444935
ck_2e0eedaaf2980c2c,0.004460022950223543
ck_9036b2e5e9298a34,0.004916803315114873
ck_3265442528d51728,0.39470433319652193
ck_f2ddae2eb1cb29b4,0.006569918000854924
ck_6cfa71d27fc27f92,0.01212878759303015
ck_f3199fbe84a28b9a,0.011252766610080992
ck_b78d785ca3ef773a,0.0042306881122852495
ck_374865697f1480eb,0.020088046326972978
ck_06d0e4a9189302a9,0.03001241422012359
ck_9c9884b9bcaa552e,0.19896307480692044
ck_fd4cf578e87703ff,0.011187740672597446
ck_1917ef3e6e345549,0.0591095319012559
ck_e70418b00cbbbac9,0.0488724479795642
ck_a60388296a47062c,0.017154614774083348
ck_d598fe8d2c779ab9,0.00762215214544032
ck_646dc03de4c31803,0.8531416730931974
ck_e4fd8cbd842b6993,0.001014010510637183
ck_2225b555aa2a42ed,0.02763177422329909
ck_6be8ae9d78148882,0.021242301395064205
ck_4199342d3aca74e8,0.04818315609964641
ck_779581adb573261f,0.11296424994293212
ck_bb303568b6915205,0.0875543315986315
ck_17c4296276448afe,0.0028595049933490776
ck_a60a61ac829252a0,0.011271851962067016
ck_6ea70950c1cae00b,0.5919504877274168
ck_1abb93f6924645e1,0.020374921084111826
ck_faab769cce19879a,0.19282662570590295
ck_d5b8e74e7ca6355a,0.016473741709055374
ck_f11f7691af16ad07,0.001039719228357311
ck_188fdf2be7c92e9d,0.999122938103996
ck_4a103f8254b366f7,0.014757912170743947
ck_bfa17a0b1760e616,0.001183903594973806
ck_a4d7f6a5869d440a,0.9455741970095741
ck_58e20f5a3e7f11b8,0.9681046464234665
ck_4becdd3d2696c7ba,0.0034323288442916176
ck_dad5cf32ab9f243f,0.0027956126146793836
ck_7d9f73dc7c4f90c3,0.16007924568896154
ck_c19371047a2d011d,0.0017226310134790636
ck_247589ff532f7aa8,0.003985886740946074
ck_7a9f241d5f082567,0.0022365792426339067
ck_0a2b7078736b4dda,0.0027727524033626196
ck_687b412e2aac7eb6,0.017257805160853953
ck_fce0b6855886a0b8,0.010730851452314607
ck_e291cc60920456d0,0.7255377611713646
ck_04219a7ea798db51,0.0319394399308525
ck_286bfd719836e9f3,0.1676371734034355
ck_55efc92394fee232,0.007546665926874717
ck_e36c8da1bd359960,0.02794042090404999
ck_34b0988a97d96902,0.010055798956033648
ck_e0fb11fc9dcb34e6,0.005606565989184311
ck_bcc9cbc9ed8b7c31,0.013119498420171724
ck_3df8da6f60a89a5b,0.011986586670793753
ck_b1495ee5c59a6b28,0.010461898959002734
ck_58f4c3ac61fda129,0.036703030230411604
ck_735f244b99e3aa8d,0.0066001446386572404
ck_6b93bd8abf87b1d6,0.9528309370469291
ck_12107dacc6d05bd1,0.0013670445482822167
ck_f96db2a1f3448d1f,0.020271767989089907
ck_8fd91a3c99e19097,0.0066398877561694054
ck_910205d25388a0ae,0.0001525247138042042
ck_d229dfa0e4442628,0.0006587029659029632
ck_7cdec61e1c488798,0.03099139890684872
ck_f66f06e24ff32671,0.07162615194445467
ck_350bf14e90b503f5,0.025185616325232873
ck_61fff5fdaadd394b,0.004015242598943762
ck_e934f984bad2ff91,0.605147424920259
ck_ff6a6d3547dd2d37,0.006483902303089122
ck_65ad9b15979e3247,0.006152025811111566
ck_bbe1a2ea5a403ad8,0.07845760535846784
ck_6f3a28eecd2c4031,0.018524426718318613
ck_a89b66665714058f,0.0031415084507616063
ck_918c92182b6817cd,0.01605279987656558
ck_64f5eb4be9e7b8fa,0.8129607732429873
ck_d021fd497ea35fb2,0.010986875329902676
ck_004de16f7d8a42ae,0.014293451577211581
ck_a33d2325f86ab12d,0.0015037772172510511
ck_89790ff26c844bc6,0.0050280675841073335
ck_e6e7257377c37b28,0.07483596781801176
ck_a2cc3910a641a808,0.5160940395892004
ck_646e270e0195bf05,0.013935233930624957
ck_baba5d66def0d770,0.10897809104698654
ck_67cdcdda3033842d,0.032250910038168275
ck_b5c3075c811a2216,0.04899118167467659
ck_515379973a8044b8,0.006400857901596178
ck_c0ce85fb4109567d,0.011072033446111214
ck_fef850553862aaca,0.001552842949383004
ck_55d7217b0aff9fa2,0.004220493991331251
ck_8e139f8925ef7968,0.005705451738587424
ck_9e35b908fca1e4d7,0.0008977253698425245
ck_59735f4ab2ad3da5,0.022096640409329755
ck_dc569c1167ccec0d,0.8568282867233906
ck_1dade5592f90a15c,0.05658379752516491
ck_793048d11fb8b328,0.32758937007158445
ck_545b71eb4fa594b5,0.0024909601812113076
ck_bd30853e9a57b544,0.017076307421841477
ck_59f46321ecf6d306,0.007192320474043039
ck_260cfe9141d249f1,0.12054011793016484
ck_3365a0ad1a8aa83c,0.0016501073163980166
ck_b0ef193195a2138b,0.0027396232398267596
ck_0f909705e2e60f2f,0.0008638769687671111
ck_5a540b75c866166a,0.029668778254263835
ck_87c26b2f41025109,0.9838590280072784
ck_27acc9f320cda104,0.11270981396821805
ck_a27bc31eecd9cb9a,0.011097426126291906
ck_115d86fabde77b65,0.0005158266240128127
ck_eeca179341d56f8a,0.48017941883521237
ck_8e5999c436cf037e,0.0012024453602859832
ck_510e7c5df1f95d90,0.9964392959263076
ck_f1acf73363925958,0.01610221436890177
ck_3c177f5970b68bd3,0.037503825792557316
ck_9cdfaa1c30cc9d32,0.000585677508092788
ck_c8efa1538b37c359,0.004132334684897003
ck_a8a2e296f9804bd7,0.009910091248662543
ck_91a0ca45f429568d,0.021779404725017885
ck_5fdf8a0bdbd3ed62,0.010269482726185579
ck_0f4e2ec66d50da5f,0.0011088767296940595
ck_28c53b214b2ee882,0.18631774160861433
ck_003148504557f720,0.0931919077201216
ck_01d840cffb870615,0.22876331986788298
ck_555848d51f4b5f35,0.011731976862353236
ck_df20cc23b8fb8e22,0.009048971875185335
ck_f9604adde929beff,0.006357574855314202
ck_d66952b03591bdec,0.003978303451342928
ck_ddcac1ab765ff61a,0.039248576791933616
ck_347386629d96c664,0.01116325499305451
ck_ab01db9117acfe3d,0.005851760947135188
ck_58e5359efc52e0ad,0.0037727952472773395
ck_1a524b5cc8da71b3,0.09573779399151876
ck_e9287b6d909d731f,0.002770168512729337
ck_bb41a66e3d90263b,0.2616944718396354
ck_e95c8cc1864bd584,0.0018570700054060185
ck_7a3f2961e9a8b6dc,0.006106401356678213
ck_378a9df82b1e0bee,0.23703184053136636
ck_42633573639a3f02,0.9887575493049612
ck_2a5a4c18c2c7274b,0.009878035979355207
ck_77549c1a41f837c3,0.010437020917616696
ck_a26704b5b26258b7,0.009757041093067553
ck_9874ad160efddf50,0.004432509963240351
ck_9111e3a04b14dfba,0.022986848437938287
ck_651e076ee43aea85,0.00401391742607737
ck_391639c0f13932f3,0.0008488305407547371
ck_02dbabda93c8c13d,0.03203433756172573
ck_0adcb1fffcb0a34b,0.023595196295468624
ck_7a43ef9c7b1c67b5,0.000991444521043946
ck_4b9dd69946438d0b,0.007422369058816739
ck_90bf017cdd37b66e,0.05727715626486868
ck_61c74163eb36556e,0.011249707720197346
ck_13376c59b5bd6943,0.0006970439087461616
ck_62337eccb1672737,0.00488675391831063
ck_16077934338472bf,0.0006481536899215643
ck_0d4dfd93086e7330,0.005161160833895475
ck_3865b7525b910893,0.03842698180754495
ck_7e2ae8b69ebd5675,0.0035988662346446965
ck_b4384b6c11766ce7,0.004162820518821271
ck_3d7fa32dfb9fc692,0.07692575692102112
ck_f4a6a7cadd6e0603,0.08921615209369098
ck_212525e2828a6c45,0.005377827330937457
ck_33ad8d53394ba77a,0.4636639295469886
ck_a5051eafe8b51224,0.005516497933725234
ck_f65e5ff7da565f91,0.00161087269119111
ck_5c37f7563fa7591d,0.006342854154331323
ck_f1e0a006068aff29,0.00877452822616459
ck_c646cdead6fb79d0,0.003137979783042992
ck_f8b3cdffef535330,0.037729193969522075
ck_e5cdbe3aa12c97f6,0.0037642651430011506
ck_986e4e61440506d0,0.032370559740523934
ck_6da9c5912e15d9a8,0.000678418372983867
ck_51d842e6dae74c71,0.004085205500877685
ck_5fc65c24e0736d5d,0.9174168917063611
ck_babb95a76c69509d,0.025619214792438092
ck_86a2d852a9715432,0.02169859924643194
ck_db4083a0d043def8,0.03362054402286028
ck_96953b8945b7d403,0.007529612787031868
ck_7831ca5c31fb3859,0.05696326263715692
ck_60ac5e5f375daa38,0.029771343698149363
ck_05d44eb1f5f085ce,0.009114210398964316
ck_432cc19c7eeaa46e,0.016776591915017066
ck_7fc513033af061af,0.031939638438925715
ck_ada6ede84c111719,0.004390159494961399
ck_6343e0d3b1c2962b,0.02222121322122321
ck_010264ae04f2e902,0.04179896437401707
ck_e9dcf535f8c289eb,0.06844175723892558
ck_37143d9cc296e6fa,0.004026706265472304
ck_61fa051192f3e810,0.018628463731704584
ck_f9f93d1d41be1468,0.881384139937161
ck_c4f4f28457be8a74,0.0017424175060993389
ck_323a71f9452d21cb,0.6693984371930243
ck_170f4688e0acd875,0.05027301102060445
ck_869b1878d09d230d,0.1625229172174357
ck_2f6b33bf46976229,0.003580585521679174
ck_b11e22e75d9b99de,0.000923651465486628
ck_123d75ffb75b606d,0.004000728450122853
ck_94295287a04c85d2,0.08366122282470072
ck_1b0434f096795328,0.0006238803318144488
ck_0a4e191cd0a57ce1,0.0012686517171952984
ck_d2fbd0df99634676,0.018736800815355375
ck_d51df5e9fbbbcc94,0.023725698409782087
ck_2d3d7d64a6f443f8,0.006771867323480973
ck_731943c682c9394e,0.09609588997432185
ck_5ccc0c94e5e1f849,0.011349095223884902
ck_c3476080516db25d,0.01378589737282337
ck_5010ffb1c94187b5,0.0009844590287111865
ck_7ef666d67bc70223,0.008676104673543834
ck_c1b493527224a27a,0.0005809181389166358
ck_5d1e25d7acc5af9a,0.0204127739704513
ck_ec30b61cbf517db8,0.0015871088426855605
ck_79323eb5d2e5efae,0.0037492952093918317
ck_4085cd3bf2661518,0.006677724874312101
ck_2ca91214c357c072,0.12081700658866146
ck_7f3132d6be389657,0.06707248108752406
ck_e7a6b925c8f39a85,0.0217727477777875
ck_c886adec7bac250a,0.006991756133521938
ck_c3f360c2d0ea0a37,0.010604746998243703
ck_a7acd5b015823793,0.02012474252081213
ck_9d64187c0800f84e,0.013916556331452381
ck_5d4ed73b9efd7d11,0.005975351872034608
ck_874eca6776b34dec,0.0023536607770431924
ck_96a9221a87be93c3,0.03575114882001871
ck_68dd79a51eabf5e6,0.08619472493599512
ck_8311cb6755b2016c,0.004113651671395022
ck_16fc77b2bcf5ec03,0.84863621689516
ck_ad9e2088a33c8c72,0.00015473979088723036
ck_7176bbc97b1e42a1,0.003818394905069978
ck_80dfa54b30f65fff,0.7602464217143458
ck_31c54d540b128843,0.0015676174106401739
ck_43ea894480567274,0.012047846656025494
ck_9c9e8a38bd5a6c88,0.04051476081031813
ck_1c2dcae19539e148,0.038619199053361815
ck_b0fa8b84e94d8ae0,0.010934518609187016
ck_4ceb43ccd0a81c2f,0.0038498547025136473
ck_ba845332b730b596,0.0003208999564108751
ck_73d3e8c6077f61e6,0.052239738581317724
ck_b5d0d223ef56473f,0.013978096781943833
ck_949f08f8e80e93ea,0.00042861279522648843
ck_73de0b49709e5f8c,0.002629050204158659
ck_b5935e9722a39819,0.04432489673557035
ck_96247fee0eb44420,0.0011735334466742187
ck_a6def1e4b2d57e0d,0.04274990014683899
ck_aecdc5a96321a2d8,0.012724563281872983
ck_bc61c59970f8de49,0.01458516202960391
ck_c43b4175fc9ac5bd,0.6713583545586846
ck_8ff7a9b23a55fd62,0.004157631475508029
ck_20c99b645f462449,0.0024070872311502244
ck_a5ce2ae36fb410d9,0.0005445819610129212
ck_96fb9bf556842bbc,0.006043106112104781
ck_b5e4c6dbbed1b773,0.03206676592547174
ck_2085433978e72ea9,0.12800278004324492
ck_2c6b174b063ec637,0.004527761566734296
ck_b20b81b88dabe28d,0.002086918836911759
ck_243c18dbf150831c,0.0003646751942577699
ck_2bb6a17e8eee35cc,0.021577648184993515
ck_66147fb994495396,0.05923953515090121
ck_73f124f075ede0fc,0.0034487417800750995
ck_2e315f1b1e533dab,0.0019728739833843223
ck_16c7bf94ed3e7a6f,0.0005959535276574724
ck_4a0eae220a762ac5,0.015292416021952871
ck_dc16f939c2f44ad8,0.06252380040232558
ck_817926b449754917,0.013687005724716858
ck_0c0dde42ab64ef87,0.007580057694520644
ck_cb3a40594da6a2ee,0.18566535709634338
ck_d0dc156441fcfdcb,0.01895222757886059
ck_66f0945add423e9e,0.022099375206626637
ck_a74f6a3030f5d495,0.01670051279020425
ck_1ae460f331e49ae2,0.02413148158253028
ck_2d177b2f4f0b40c9,0.06784408406771424
ck_92e474e4368c4791,0.008539736092129558
ck_3dee83fa2d109484,0.0008918178804912218
ck_80e5ea27848069fe,0.009637380315147567
ck_ed0c4a83701ca230,0.020473496573919312
ck_0b8b7c5c581fd161,0.00018307863154422613
ck_60bf8a2870956fb1,0.005432357080309217
ck_73a54b56a2bf35fe,0.9253433291665732
ck_2296d7a563424883,0.015026485692960521
ck_bc19c383560c7477,0.01332904158846678
ck_861d8e3d88f1079e,0.03898933161811188
ck_3f090fc96c24eb28,0.0014100411829565246
ck_9a6a1f8102febfca,0.041929976175311745
ck_541b6ad5d2fa5a39,0.0038823897166881775
ck_a760d38d1bc4de97,0.0015770965965854384
ck_7dca4d7ee10b4eeb,0.0016946176649613063
ck_15220e78d1545e40,0.024534836639597813
ck_ca24bb0de508efb0,0.00291596613464885
ck_56b389627d8f02c5,0.9719489306002584
ck_48a6754977a44db0,0.002082568079246125
ck_333a43ec339a04cb,0.06413366751419879
ck_f22aacaf86a65d7e,0.010153435120872351
ck_04bd8a1ffaf3ffd8,0.0009631114515717831
ck_2737a72de6b700f3,0.021932509920232834
ck_c35e03b0dd0c3454,0.020376581560554732
ck_e0571312f395cd94,0.006671576600635485
ck_09fab6b9825001b2,0.003852527638731846
ck_18c3a095606209e8,0.014599290531724955
ck_2a97db9377d01e36,0.002414492602825647
ck_f29dbbfdd2786bd1,0.00742506625900211
ck_35d6c510ad29362e,0.33511794136860384
ck_5468fa99c945d785,0.01285657858223741
ck_6f8102f62c876cc9,0.15876960659725825
ck_91955aab3424ad16,0.0015173434044341808
ck_9a43c0c73a39d759,0.035564621460322986
ck_60b023af6d1e30bf,0.502128413041937
ck_9704c5cf8659cedc,0.02547453181459011
ck_7e5f02b51b9f78bf,0.03786995065967437
ck_7d3a88d1aa649708,0.8922956115947965
ck_8250eddc1ecb07a0,0.06767622165493027
ck_d979ef95ee44023d,0.02023402277112416
ck_5e5461dac83531ac,0.005053079503455051
ck_d1bb8890081e0a31,0.005976214294357887
ck_32246c62640648d9,0.0005593340148187255
ck_77a40c7d2f862a32,0.02461052302979054
ck_1c8b94efe9238f5b,0.0013758576492706922
ck_eaf3b6d11bc3cb11,0.0005324247686071894
ck_a4a7ef3ad799c380,0.00872493499195941
ck_d5bd8f68da073cd8,0.011267837487315089
ck_6e6258227fc8db7f,0.0009258566470040089
ck_c35d444e05799db6,0.009863285966501711
ck_74665e1209140ae8,0.011708573539253109
ck_353a272478f7e903,0.003340743963107774
ck_a2c9796ea229a4e2,0.0020039270233866697
ck_e0171f91cb3411fe,0.017788275591297833
ck_703499f5410280f7,0.0002889835990095578
ck_ae3a763997f8f385,0.029859213405878455
ck_f7ff94c3df5ac874,0.02704860137028584
ck_f3c16d8f747db046,0.03184448193093999
ck_7ef019ed77276496,0.0007901679420498431
ck_d6a4faadab58a3de,0.0038630645157809607
ck_ba7b78d31d74c794,0.01423331294941875
ck_36287d063350ce9d,0.005672947291388174
ck_5177fc7137ff26ce,0.0028071299394756507
ck_dfd4e79aaa967b63,0.005497791814779783
ck_fb44d15fb93a7157,0.009501296343329142
ck_fca478361870a4ca,0.006422004865705436
ck_e57b94fe57341058,0.013276521294310548
ck_5448c946cc4758fe,0.008727377939847685
ck_c5ece5ffb8800ad4,0.009003355781390077
ck_11cb98211b2ed134,0.9106854900407325
ck_f655399ac75c4450,0.01035207725252212
ck_c817259019588d30,0.018296177282690385
ck_8740a14d8096c6e1,0.010662471836111806
ck_0c5ba86f4e05b38d,0.020447036971677112
ck_ccc917533d4b73d4,0.028130049354794573
ck_9eb80edfa43203de,0.00414801918786081
ck_d1a1cf4cf61d6801,0.030786184075566214
ck_b17c239f160e6017,0.004522968604106427
ck_410c3e13b48e0415,0.0006789947690296979
ck_ab553954435e8854,0.9695097099912431
ck_bdbb4230c91e1604,0.015948956275627525
ck_8fd4937eadd64fb6,0.007500191439486288
ck_e0e90b196bef3c11,0.001023715843800435
ck_3dc4d464386f0eb2,0.12380660128378729
ck_51bbbf8f8e8ad005,0.9994326401973876
ck_c05737ab74cf03c6,0.0643095389192095
ck_dceabbe04d99afc2,0.0003271535259508022
ck_5b86fd14e85bc9c7,0.7943030881292215
ck_d4febf0083800424,0.011486571058062727
ck_77d9f86dcf251739,0.008850672326503472
ck_b4dcebc543deaafb,0.02290422201372268
ck_cb856e75c949b0cc,0.000303778136378221
ck_61b067de8ffc1ca1,0.04323237683814286
ck_c0e8560ccfd9dd9d,0.0007640275676822045
ck_173e1198c341087b,0.004381451088969458
ck_b4d55bc809000276,0.01542967452693536
ck_839bf139296b5cea,0.016665178891130013
ck_78cd402a2a4f2e35,0.0009319183663737468
ck_c2925c50ebacbdba,0.0032939377124321287
ck_5e3bc76eddbdb0a6,0.0012300121619356517
ck_b7793edca26fc512,0.011145217288675471
ck_d79bdf04d6f31cd5,0.001023836842628519
ck_4b97d19ed946f503,0.017365028510687195
ck_37139b41c5370523,0.08169789774714357
ck_8c346eeefa9ce692,0.011931844084597751
ck_2ab7eddee2d8c49e,0.003421957094348109
ck_29da59ea3bffb9d8,0.14310211692397962
ck_c1d05ef0ec6e4be7,0.0038558793626348835
ck_3882423b449f6291,0.9618968589545883
ck_5647030283171ed5,0.7991998617784969
ck_efbdcd9c181e72ca,0.007996131835387275
ck_192fdad892782daf,0.10566250701348186
ck_0bf2e13b9f2601ac,0.024272487446805786
ck_3d6046a533057795,0.008767530246489803
ck_279a1d3a3836e5cc,0.0038653948496332135
ck_c375e929becde422,0.006544544805293939
ck_a59e90219939a1f0,0.0032609644777385704
ck_4e9fba1ec54c3ff8,0.00921020607991397
ck_bcbd8588a13f5eef,0.0008395811143398836
ck_5f9a7ff990341bdd,0.0018237489593360765
ck_e0403d507519b7d2,0.0058237165878167315
ck_c9490cb61aff5112,0.010583394100474102
ck_41dd44308e6a665a,0.21345522007033782
ck_76c23726cd7ca947,0.00841859531253404
ck_9be551300209fa83,0.6297965680518688
ck_a98848eec6c9581e,0.11478435268284741
ck_61176dafb33b2d8a,0.9714218893716335
ck_92de019e05971ce3,0.0024806971310978886
ck_5d644224135d7c65,0.003719592127629441
ck_c767fc454fa215d0,0.006504227296733521
ck_5df85a8924e11f27,0.06913924039143486
ck_da2729307af06ed5,0.019244417614099903
ck_7c6b577174af7a78,0.004637252704388593
ck_893b8afbe11301e1,0.0023096916617738575
ck_e06f6fed020ae014,0.007165547589360122
ck_386680372fb54857,0.0036180063140770317
ck_7a7f3c4fe0c9d2ca,0.004199513074739824
ck_f908b527c4db422d,0.04646163372076928
ck_ec2eee6a133e9a6f,0.03857071431068293
ck_d98934f9fe0b02b3,0.001718767544582528
ck_398a1ed77b0130e5,0.006302883639915105
ck_d960af7a55b892b1,0.005469901648020438
ck_4637e54a9f79e2e7,0.0009423571064306233
ck_02b9f418524f6650,0.009989834539645593
ck_d4b23804cebb045d,0.017514936940982107
ck_35b1939c48182a9a,0.010954624674527326
ck_2dcbb71e39d64305,0.02741718896237991
ck_47a884dec960ff2d,0.0058827737781686875
ck_71fd8c346fde5cca,0.3461971142812305
ck_98e1992ac8e7d2de,0.16837916151036839
ck_ae7780327e210522,0.01598624938359156
ck_e6c584b4b1ad6d9d,0.012136424567187326
ck_344b2e326a6c3dcc,0.0022155705708457553
ck_9aa899a5230b0963,0.023296254553902374
ck_e48d14d5b70ef5aa,0.003553677941728958
ck_59d380a0973b3951,0.0074965378653632925
ck_11318f7c041a5ba9,0.0022926939681258422
ck_7061786fe2f22f5a,0.01981044503386416
ck_e77529651c416cf7,0.016357739918077065
ck_7f79878197340435,0.004153985866133757
ck_b0a0fb0ee9ebf106,0.004262971644512092
ck_70c7679199776a90,0.012944267566048577
ck_b9facd2210daca5c,0.032185206853051436
ck_9949f53c155b8dde,0.005041487549956752
ck_1c607e24f2c4397a,0.0169869968635791
ck_aefd1ce3ce093cbd,0.00030448241388111104
ck_5a29b7018e43280c,0.001333999257828739
ck_69eb0b2ccfbe5f95,0.007196499123560404
ck_fe037765aa465c58,0.007289039193187842
ck_5e512ef5362a3dd6,0.0017911908113990146
ck_544a9e80b7fdc279,0.0009886783884191798
ck_7825494e654d5695,0.031575806166703864
ck_f1f2c3c623553f0d,0.0004750018104385957
ck_52730906e5b461eb,0.9011474102354264
ck_01e0689157fe9617,0.8857689656529807
ck_9da82e567074da9d,0.005763271866918413
ck_6a17384072f904c0,0.007305540059568336
ck_8d84d771a21942a7,0.00018171650545787397
ck_39638880292782a7,0.00971248558488085
ck_7d51c86e0eec72ac,0.012569536982688744
ck_45f4c821c70d134f,0.671443940407603
ck_0af3c13ba56ce57c,0.002325111261892977
ck_0789a05e061b2784,0.4288413868410787
ck_6ba091eb42ffa9fb,0.19212928989482903
ck_265accb3c5c32620,0.12919388177668242
ck_179039559ff7566c,0.031680091841880295
ck_17c0a6a92b5765cf,0.00778663639030724
ck_59371c9140239fd7,0.07054938581609119
ck_f9c4f8b4ce2691f0,0.009000819026676229
ck_a2637e4872cf4811,0.06851980562573318
ck_1de43fd6c6c22a5f,0.08432275041514187
ck_6e4f31bd108571f0,0.0014212503042081938
ck_da06d97db0b18851,0.0005424421654398978
ck_e0346d5081e640e8,0.025483051419955997
ck_c1c7d4e62c9fcded,0.015383248671293953
ck_2595669e421299f6,0.11173396284844746
ck_3b6057d51fd4c7d6,0.004033063301480206
ck_c5f8ab515840a0fe,0.009140220431045148
ck_435cb24538c6f77c,0.04487237289324756
ck_d84b5403da4cea7b,0.033560690686397075
ck_c2b61a98d1c8f6dd,0.6077116847199223
ck_c9dcd92b2f836b61,0.06739060568942966
ck_9eb5b3f5f672c2b1,0.0002661384145419792
ck_e4cf189a8d31649a,0.003098197979344604
ck_6b114f2a48152b96,0.0017240066324093117
ck_3fb95862b70f505c,0.04686926526032582
ck_7f780f465c29398e,0.008928146802602352
ck_ee387f9da79e67ea,0.028456041238731782
ck_fa3b1e85d27af2ee,0.04304603299044387
ck_e739eaaa7a1822f2,0.04132679667293601
ck_dfa0ac11fcb1dabd,0.002034910915940195
ck_6e8751b571ea54d1,0.01276344204322923
ck_2d695f8358383092,0.026871549573727425
ck_e7dce27edb700f27,0.03127817483817
ck_e322da8b213eab52,0.001399689339069168
ck_d0b32e039abb8200,0.0013011427868371294
ck_b354003302b272ca,0.005429861156489462
ck_f7485cba392bc294,0.29143224594748507
ck_d6a290ff8362c7b9,0.24106428974922092
ck_c56a44fe315c0389,0.006869356139628393
ck_f77dfe6512eae322,0.019152860731404403
ck_35fe969c58b9e70b,0.07296281739959602
ck_4c518637db2322d5,0.037650013004755054
ck_cb61902798ecc4fd,0.06059769685344052
ck_56e6cfa32156a916,0.0022869405274846106
ck_343e6ed2b9d35c01,0.002992638063239438
ck_51440f64f7250ad7,0.026818175266118984
ck_295bca29c34cfe2e,0.01599090820001187
ck_dd30558576b45e7b,0.006115839670654627
ck_3a30132a57181fe3,0.02891193017715613
ck_4a733aeb833406f4,0.008477771170533529
ck_1b0b7c3d35ab1259,0.1173148897122512
ck_962c3bbf27cd4b80,0.07850330684486657
ck_9528e1d6b1707870,0.004058553762152762
ck_b3263e7f31aab45f,0.015284112954882065
ck_e69195a3c885053d,0.001223130409129577
ck_a907fa8795cd4baf,0.00085308440148939
ck_205c3405045bd835,0.005500020960013379
ck_e81fc223bed3c46a,0.07264125989185101
ck_363751deae40edfb,0.0789845495048468
ck_6176baea8cbebbb6,0.011300688274334851
ck_633e6579f5c74a5c,0.8394896131397581
ck_ddc11fc481eef58d,0.030163386071410298
ck_e975002c979e12c7,0.07532104419454387
ck_8e039b23acaaac00,0.02902180558348014
ck_1d6990d94a4d2ad6,0.008407892459004957
ck_e7b583acaa3171a2,0.05581836546048719
ck_c0133f60d39b2fb5,0.017666924387785624
ck_7d6bff85e7a694bc,0.0005739353770757245
ck_d305b4d82f63f647,0.0025872279112616344
ck_22bd0fc71f95e048,0.038753552330323474
ck_9a65fcfc7916f93f,0.00029666284807666055
ck_d61c837b0106085a,0.02577700932190824
ck_be86a1db08dea456,0.014725258649374127
ck_90489c405e6886d8,0.003265968828995629
ck_0add2c321d579d75,0.03304607246790235
ck_482dea6eed92cbbc,0.003321703602933615
ck_c24b47184534cc2c,0.9908883617601617
ck_fa04ac31e596e7d6,0.004717289566715466
ck_084322dc5a3a86f0,0.009509222274704037
ck_ccb72a33cc1877b7,0.010387878280100288
ck_afaf374009d3b248,0.01318628800148717
ck_b53084ffede19a8e,0.0006930195485404947
ck_4760216154c8cac2,0.4121972961630242
ck_37ad3a65db673e70,0.0044062315344680645
ck_0c2932cc0d553694,0.030362304205798663
ck_86b853c52f20fef5,0.003279309119529367
ck_38703b7546d35a80,0.0042791131832694155
ck_218b7e6e6dbd2da0,0.002547066629426058
ck_402db4184982fdf5,0.007251265136195717
ck_f917c82af80e4a79,0.14751870184277727
ck_3c6417a233c68c73,0.043901053073848346
ck_98068c397d70dd3a,0.010442552422172758
ck_b1cbd6679c0f8d95,0.008276259273469082
ck_9e962f9bb0e7bac2,0.016220824146543366
ck_b08247c3ad567d92,0.1649777606709242
ck_3ef7a03ebb81cfe3,0.0003817890986827077
ck_5d7ae0e3562e99bf,0.12698894840439282
ck_c91a628236baf91b,0.0822825532968114
ck_7f8e816ca51755e3,0.7088967748752911
ck_5aadd286d188f5c3,0.002860498007882794
ck_a037aff5f8128c73,0.0034539786452185673
ck_5df6529ce8290906,0.008111865481676342
ck_5f3609511443e5a8,0.002299922163284281
ck_a6f61864fac3c8fb,0.004754543998363669
ck_2733fc6ba23ae46e,0.017590587034728624
ck_22bfb9246646eb41,0.669423943439566
ck_bfc2a57d8fd1610c,0.4269079618611005
ck_49839e761d0e74e9,0.008716015374611613
ck_aa4ba931dd37481d,0.006685054366312375
ck_2f9fa0d61829f815,0.01372175789690004
ck_5b82c774df10d49b,0.0007496154948771079
ck_411219470d0a195c,0.02189897498072338
ck_d07485ba10514a2d,0.26251758039207884
ck_219bef979ee21bdf,0.0004059189312117841
ck_eb1006e7285184a6,0.015072028636993778
ck_fd242b18575e3063,0.22488768707990384
ck_95188150ff059c70,0.023923499480524118
ck_a9ca2f447b984a6a,0.011385846827586801
ck_2dd39723c4088b64,0.0016695311231858946
ck_aa2b4c662ff213b6,0.030039509088529592
ck_1867b1199c864db5,0.040411663852152606
ck_850ec97a5a0dab9a,0.007589135391005373
ck_562320295fa35875,0.001877034615798883
ck_bab5759b07fe2bea,0.0025754843011552915
ck_b9f1465d803e57b2,0.1285974827682251
ck_8f21f2690c32c691,0.07027800965687926
ck_df87d6f61a63eb21,0.00616672528154875
ck_770475876d0e7e6a,0.009426641847928933
ck_b4c014d5c0cc9eb2,0.0030134323261470793
ck_3add4d23124c9290,0.0013680005237008998
ck_bce5b7fecfb6264d,0.07677971938544104
ck_604c17cb97dc89be,0.06974001630273374
ck_e52cbcd9aafd26b2,0.001679171392021837
ck_0ac9114076f5bf3d,0.009856772889305367
ck_dcc125b178b79566,0.0006292563697524003
ck_4e333c09f0c37dee,0.015414374684955509
ck_ff7e31ff8ba731e5,0.011384171921583662
ck_8d0532d24f1070d1,0.0013193779456332061
ck_3689fa41748a6f6b,0.08885686491892053
ck_7509eb97c1948b16,0.003467810350901755
ck_a9161cf1ca22a6bf,0.006158496579776348
ck_bed3e3db135b782e,0.028548898907568534
ck_9040edd974ef8e3f,0.2395177464555657
ck_fac32d76ed40f683,0.01627274483618561
ck_3d7b1078e2d57c69,0.0017366384358253114
ck_dae09c4e074af5dd,0.012089351660750305
ck_fd84507228467b40,0.10313290555294367
ck_e2a2ce9b8cf44c63,0.007330818620394905
ck_cbe716f351d660d4,0.008399762589244748
ck_cba4162ef29a6d27,0.018432515896835016
ck_4f1e962ff8a29732,0.00265504926988146
ck_39a81899dded61e4,0.004946626287245398
ck_25382331551d22a5,0.03579281004437946
ck_6d64e1c07b19856e,0.0024722070063358686
ck_165a868bdef28ad3,0.045589352878700806
ck_88774ae52e30e877,0.023841964262283095
ck_fc7a9d0643570053,0.0009840659925174564
ck_c2017120b3b88a46,0.003295009771697556
ck_d115ac6b9fd62a7e,0.002877013015577363
ck_439cf7d51ec7de0f,0.0033664255500298703
ck_2468a7e9e68a0927,0.004466614360698392
ck_7c418947124dee8f,0.13898600036877196
ck_fb0cf32c4a56f740,0.01330203777548518
ck_694eb6c43193afd4,0.005969815415357352
ck_993beb188dd4abb6,0.011065625362620074
ck_77fa39d3b733c226,0.2636292641593574
ck_49969a9abc47cb69,0.03682706212173725
ck_d3f44bbe2f7e9b2d,0.023585608186092056
ck_fcf5b8216d0c18ef,0.0013884845719325737
ck_daefe1e2d2bc362d,0.0026658624904032403
ck_9c9287cb28950eb6,0.015875355815552928
ck_c1d1a625b885a975,0.02046567244262276
ck_71b37fe47490b4ba,0.0016916243210187444
ck_5d16e257c0635f7e,0.40606379864354847
ck_15918075563eb074,0.0008529995073637543
ck_9a15fdefc47e8d11,0.002033044768346559
ck_6f04d047d1dde75e,0.0008681893670778258
ck_1af2c0b3b8d202c1,0.005809787890664226
ck_174be2231c5fd2b6,0.0003346215162334156
ck_bb0713a2a1d65982,0.02940164294613411
ck_0daec63bd5b0729d,0.016372217903439294
ck_c0b5cc3e8ad2ff44,0.00683490722434893
ck_35bee1fc12664644,0.06330724847712944
ck_a1c7cf63467df4c2,0.0024625392586968904
ck_ecb1e15f0b185ceb,0.05202973988346088
ck_f280d31f54a4710a,0.02928502748159691
ck_30f4b2ee8abe1342,0.04868264645050522
ck_66bed631354de5b7,0.009860160373748065
ck_c2d3ecd7278eba2c,0.0013032684386041933
ck_e901dec0e09eccbb,0.0007520242847933776
ck_5d038ecb3c8748a3,0.00769968957800738
ck_283c5bea94b21e80,0.0062188075748552596
ck_7956c251b85f009e,0.8661300855738006
ck_9f5f81d771146aa1,0.0007146814627381882
ck_9323e6fc1e168eda,0.781215243490838
ck_10495d3a635b8d69,0.013235774567989536
ck_1982d571cd36eb0c,0.006052593643301532
ck_4f5d7985bcc2eda4,0.002159349291719318
ck_7df526b2b4410bb4,0.032713417133960164
ck_dbb498b1a346a402,0.0009406075461637931
ck_ef059997563e3330,0.0056674759247629216
ck_02ec4e06709e6b82,0.0015373529844215335
ck_9782c86ba6485f88,0.001947865500562717
ck_d69de468b44143ca,0.017309915432138005
ck_6430a8792f400e0a,0.0007685138419126209
ck_8285bd3c90af94f6,0.01141419524534587
ck_985c9ca112000e9a,0.012881079738447218
ck_e679fbf4f4f4aa07,0.002972964406351551
ck_016e8c8eaf9d511b,0.062499014841719935
ck_bc996c523944644b,0.026066930894090925
ck_5b8315726f6204e0,0.01434432612639512
ck_78181f8e998e442f,0.003768440927225641
ck_71c68dfd011dbbbe,0.8046198354292259
ck_db32c95ce2b6f502,0.6349161081528526
ck_755010362a9b1bc4,0.0009947956262706577
ck_114141d85256c9ff,0.00033951343750565703
ck_9d1a5cf5a3b87e48,0.023814858369747196
ck_ab640420858ab5c4,0.11497293103908551
ck_97a8dac48dd62488,0.3324813283484337
ck_879cc3166fe1bada,0.0015151456723260367
ck_b0ed11080076e381,0.008784309348799408
ck_7334a9ec656263b2,0.0030507153868856505
ck_6494f0ef13ce44d9,0.005659974755422656
ck_724e459b9ece38f4,0.02015202893098397
ck_7fd8b1470401695f,0.7220475909650609
ck_292f81186358b0fa,0.005749507528269564
ck_fa7de64d37287615,0.031127299583038653
ck_d00e09e66ed6458b,0.3238823483563998
ck_b8d210e741be186e,0.005613012091916535
ck_3db59982cbae4410,0.018719841361186765
ck_69887d0a9aaca6df,0.0012321781013344714
ck_4feb21e2fb0b3977,0.005226872833477728
ck_08c6cc1e143475e3,0.0009941144966914624
ck_fe6e168cdbb46b9a,0.10746302808102515
ck_07f1734be7fac56a,0.026731158548365098
ck_d66d59981307db93,0.05505916291276097
ck_f928dba0d587d7c1,0.0012632129852984079
ck_786448fe3004cbd0,0.0014137104804840554
ck_29ea329fa40ace62,0.03426980487803216
ck_7ea52b6f27edcb73,0.020956695750690615
ck_18bc51bbf3ef198e,0.024238474575498433
ck_44950df09ff14ded,0.0006036877609948234
ck_c1466b52c0a10b93,0.02034003470729961
ck_6cdac067cc4db5c5,0.0689724762398055
ck_53f55c6e8cf2d432,0.0011013917690894895
ck_95945f48453ca532,0.036170085607437674
ck_87cce4126e215153,0.007601353446212981
ck_1ecd5516c92caa4f,0.0009553812571324692
ck_819b482bca14c068,0.09308467369141643
ck_a61a879dd46fc9f2,0.013314350197239621
ck_af70aa32c009c3c9,0.013722872706698747
ck_f4fe78e249092ab1,0.013899526318824086
ck_12c46bc52bf45b36,0.028714417953686826
ck_f05f5e4b40afa52f,0.02928063674958495
ck_0f8cb09d3f4fc980,0.20990387409583988
ck_80a64a7f0275a71d,0.006716603261813905
ck_683af7b1540a0b22,0.017501313292217855
ck_51fe0b613c076cbe,0.0032948371174337473
ck_da1a2450219dcf19,0.07275393588762467
ck_2a7eba01ceba6c2c,0.04553175416861694
ck_4e329e29dfa743ea,0.20458205355316947
ck_0274d881d6db82c8,0.007420304495881221
ck_0af5b7d128035b35,0.0039790353418613054
ck_ae0a7be6b0a0ea68,0.03139680786015514
ck_de5bb7a4d091386d,0.2642485194983213
ck_2bb7c17168a9d17d,0.006491001598817189
ck_0ffdff7b2f5fdfe4,0.0016895444696276736
ck_718a8390b3d42d7d,0.00774563563711178
ck_7c4f12d70f184533,0.0014329195078123663
ck_d3e2c26b8adff099,0.01684977150972317
ck_ac9d3d9754104cf0,0.0010409652331516124
ck_3b1766a1d51f8f0e,0.26360258651102614
ck_a9bf75bea912027b,0.01116792049657557
ck_687eab3ffe1f8cfa,0.03566079190632656
ck_25dd0b02af5b2f37,0.05775484485087699
ck_1747fcc466f0ae38,0.0015717895517187812
ck_f6e9d14dfb6f3c28,0.03737105412048178
ck_c6a7bbd0adc4d5f3,0.029629000204824504
ck_46656a23f4456d22,0.8408790032406396
ck_7519260415c2998e,0.02399988399647773
ck_754f30ea19df857c,0.014532760159692093
ck_ba88a244d5f7380f,0.017086551908665714
ck_f268416945316815,0.005895803110587741
ck_21860dd2159dff28,0.00479682591860096
ck_7a86ef4e2beaec38,0.000704569039138475
ck_0414507baeea936a,0.011293263437505648
ck_60796eb60fc3043e,0.0017790639566241835
ck_1e0841ed17fe0562,0.020334117610136985
ck_0d641d32658d6e0f,0.0020171244858901666
ck_b36086ae6d87eec1,0.006814813324941942
ck_962e65ab33b5c311,0.9615830348169582
ck_b046a42684468e63,0.010008574058100921
ck_ab3426435b0017d6,0.01672988108941152
ck_fcfe06e44d09a344,0.015252869125696185
ck_0f6d916c92189516,0.029004485302019392
ck_d4c8f0d957c3965d,0.06488594096402768
ck_2ca83dbd728af019,0.0013669246172438969
ck_2857a4ce9f72fbfa,0.0016061066717315733
ck_a60e6edc48e3d0ac,0.31662848958953793
ck_0cbd3b27063d4415,0.043340963108545065
ck_612089ec90c37219,0.01337045050359417
ck_ec4e597f17f473c6,0.0014021765530993432
ck_1c93cc58f314bf71,0.012167525081242895
ck_2b359a979520276e,0.001566881542435173
ck_1496568ddc3b2d56,0.01879892849212982
ck_41d91dc9f5063566,0.019584420792744906
ck_4c5ff58afe3d7a67,0.0028069221739999814
ck_81709736281fa3eb,0.0012848353521877755
ck_d89abbab3d4957aa,0.009548335910081168
ck_52453401f88935da,0.028699480424894064
ck_a477654d34783e06,0.0013390441293547675
ck_72dd0dbdf808cb00,0.010578402674919496
ck_c183dff3781746cb,0.10971559599913298
ck_c8b7f241810b45e5,0.0006802352450786085
ck_f88028c3f306bc70,0.07136906304327456
ck_91d48d69e4f5d9c2,0.005832196655027027
ck_b74b9ba6d7c9aab7,0.07768183594484451
ck_03e904682dc73bba,0.011658883858400915
ck_fc6fed6ea96a004a,0.018248555944649875
ck_51efdd240e34c642,0.037487365215948226
ck_e78ab4ff52b5fd2d,0.0057642837544894165
ck_4af7b97c24d89a45,0.013548104296962264
ck_295c0072eca7f7a2,0.013080276906506027
ck_8abd1a50a9227463,0.01411866879124788
ck_ecaa6f13304e3dc5,0.000765087571842021
ck_de436e7b319be1fa,0.9972083319329071
ck_c802cf8f61466027,0.0021539364138148027
ck_3d83e0a3c1cfbf8b,0.011877409421450135
ck_28d2003c2d16e4b6,0.0006323523758372552
ck_8ddaf745bbb9cd62,0.0008818940971169077
ck_493b6256091014cd,0.0473962227847331
ck_a2245822cfea997d,0.0010211863407059841
ck_f7305b3c64cf8a03,0.04584624797580181
ck_9937dad93a0ed3c1,0.0033513713695797853
ck_d654449f9231ad76,0.00859960050272625
ck_850e2b59bc535490,0.024054166326128862
ck_e55e5bdfc0242aef,0.028847117409457085
ck_d35c51e981b98c5c,0.006241722818018551
ck_27cdf9c5e6f0915b,0.0167177688676577
ck_d328db1e1052d820,0.02819092622407862
ck_0ea30eff5f361cba,0.005058268869763147
ck_9994323f97109f4b,0.991630394134129
ck_09054e97bdf9624e,0.0011711489740829993
ck_723b4afc388113c8,0.0029452423490626037
ck_588f6e6a6a6d93e8,0.012963492865348994
ck_e1d563fab4d6116a,0.009211064416982382
ck_53aca610e20598bc,0.009622697663286528
ck_c8131ddc7ed33448,0.006162513587764091
ck_899f88464305824a,0.04436751421121454
ck_1c17c65804f8889e,0.0062051305246928964
ck_45a16ce12893cf9b,0.01997168845889456
ck_f9d481aa4f9b2808,0.316996404577034
ck_1d5d74169cf892ef,0.01573198610930655
ck_aba32acb61c1aaca,0.02115657073760799
ck_ec4dd3675a8d28cc,0.010535410775388913
ck_5dcd443fe0bbdeac,0.0013403960975915828
ck_3a47e3f54475e854,0.0021352751262915383
ck_a9aa5c344c315532,0.015074656158948865
ck_9652283c9f61fcec,0.0005849642859356662
ck_752dd3d2487f78ea,0.007168743551111387
ck_a821980ac4db9943,0.3284033298613099
ck_93e0d6befb67f7a1,0.0259549721448861
ck_e7a3881c3e36bd51,0.28453967545495135
ck_12631b78f8a03df2,0.0002500075496216357
ck_57b8226610b48854,0.0017972089037706371
ck_352657008983fd4b,0.04390747425989513
ck_0841a5c24fd3dd28,0.02250195497596441
ck_db9b9d5d30f74070,0.052732334072339605
ck_a9dded7f6294e44f,0.06963288663274013
ck_91a16336ce3217dc,0.01310349780773296
ck_371bd9388b287677,0.0007077858559696409
ck_f285e5e1912a7c62,0.0011857185736612282
ck_368b65fca69fc415,0.05572930014183205
ck_d27a73596b6500c2,0.018223838439165373
ck_2d963f9b2c4d11e1,0.03034734991904783
ck_7c500e219af39486,0.014301577857315421
ck_7d025dea5951cba7,0.01141519525316857
ck_32f632706608859e,0.011690369928409416
ck_53816231f3ffb48d,0.0028503476201940554
ck_9dbe184e81c1ca8d,0.05231712303622493
ck_d74123617f22a21e,0.005093283777162082
ck_275386782b1606f8,0.0022484579891682527
ck_0b0e79d33e50cba5,0.0033396578626200316
ck_ba93cb604f792915,0.028263148194797475
ck_a86cd653472eccbc,0.020130728995907034
ck_87771861e0447210,0.19435896193267257
ck_212380e0371d8a6d,0.016809199315919968
ck_ef0d702d7b0ed745,0.0014485409278849517
ck_2b8f33e22f939372,0.9698204763874333
ck_480347ad92037105,0.0064797577365499695
ck_20124c3a16c53ce4,0.005350295365382923
ck_c9e1e3229baae708,0.009038455012667614
ck_b1befe967f7a5ebf,0.07168376009935606
ck_4672167d7c989bbf,0.12004097412168617
ck_f0c44ee5e3a42e3d,0.0078955226680709
ck_c416357d20238a4e,0.00479192153957622
ck_d0f470f8078c91df,0.02772629608041539
ck_3a70b4ee59084715,0.008105645026057536
ck_179ed66cdfc1ce27,0.0010093817414409038
ck_387e5a7f163c7837,0.023407281629152458
ck_08fb463e69f647c8,0.9958102595187436
ck_732f725747393ec8,0.015849824737667776
ck_7cc5e0fa3ca5a713,0.0014823087341500729
ck_ad4a4daa826ac68b,0.9397725886032249
ck_472e0be7a3b533bb,0.011176294293250372
ck_7190177963eafdd9,0.006428107301356629
ck_647ac26c5900f082,0.008196748193461771
ck_272ae2179bbd8e58,0.0022469265015788195
ck_09b0d8af304646bd,0.000402731116192561
ck_ca0cc8ea9f344408,0.006429079280099124
ck_332ad134fb909869,0.009048820131962848
ck_fca2798914627dc8,0.1397335795907094
ck_4450b55f462ae134,0.00228074012198899
ck_d67d9dfb60b286b9,0.0031207379788247766
ck_a9d2bb4f2bde7052,0.003914739703225145
ck_929bcae878a3ecb3,0.3570405250158153
ck_59a9e000fa275e1f,0.03603706239420464
ck_57f17254e2688637,0.020793756041208585
ck_0508908697f60ce3,0.0840256366171118
ck_946afc2943298d26,0.0023120382150001503
ck_7176d12b18f2cc0e,0.02778281180443724
ck_5c47b49c26cce286,0.013445549818658373
ck_b6a2bdb2d335e1d0,0.9953262390886023
ck_1d58f6caaa4d012c,0.006403483659531875
ck_71c917295020ccc7,0.005445144695912826
ck_bc89644ae3688995,0.009832993127613626
ck_e7c212f16d6df272,0.01160154852283854
ck_c6d2e11a368184e6,0.0030387650949514795
ck_eed7f1f7548df15b,0.012581621103022043
ck_75b69034000ca7bb,0.013443767409796052
ck_38da3bf629458682,0.003766289653200408
ck_90114c891239d821,0.0020481608654677633
ck_8ee08f6777cc155b,0.012169671768236698
ck_bd86132499defcd0,0.008599495310925673
ck_b95fbf2b5640aa82,0.0050001224286834916
ck_c530235393360e3b,0.012982712818024602
ck_be52a7ec43241ba4,0.0536597004235119
ck_d96eb3cc55f2772f,0.005872911601464662
ck_dd34f0a844fb115d,0.28760814003081836
ck_17cc7b411f448e66,0.024857889814983353
ck_856ea65fa27d06dd,0.025063166453584185
ck_056d5f0301c30902,0.06673858619502228
ck_e662b14b2bab23a2,0.1082833363109355
ck_209f574c8d92274e,0.010877660642514934
ck_62720b81617896cc,0.013108872298725335
ck_041614694b77e599,0.004248685177704156
ck_461e3f7b97db8d16,0.0315927517883443
ck_1b74b798eebeabdc,0.011305914716682278
ck_0ed2739384f1d644,0.004593285476708053
ck_5a4d19f1b83feeb8,0.001610082840591491
ck_463937167965a1f8,0.02674931344249833
ck_9d7151dbdf100e0e,0.020665885874731477
ck_20a7d1ce6cc27312,0.00496691523927168
ck_6031211ff118cf0f,0.002383510812774343
ck_a6fc92aa91e99b77,0.335941989745697
ck_0aaaa9d2f75a0518,0.002189335082384678
ck_ec26e327cc1848b2,0.02237271433477063
ck_0e6bebf8ae9b9b03,0.0063167418989460685
ck_e107537a4cb738f4,0.01075044646252
ck_e8ea56e122a5a487,0.007261795523300661
ck_98149ed45d38c4d3,0.05586483561992337
ck_0e719b3a6906b8f1,0.00036222030612070144
ck_0c6e7bd357e4a348,0.0005429268602710682
ck_d3b2b250da61db19,0.8926740663149912
ck_8bb6b0a292754576,0.13132936649542784
ck_87d70f5fe48a6128,0.040077737939576176
ck_ea9edf9c107d429f,0.00791100610438842
ck_059806c52cebe4f1,0.436677339468239
ck_a72d6df666e1c21c,0.0067471394810185445
ck_1d2b80ab6c4944b9,0.006014428917662909
ck_60557f077abc42ca,0.3143719608027263
ck_e5f5cb7dd6ce4a37,0.013066016249554259
ck_4c4a939154446053,0.0012440542332672853
ck_50ede3eb561a202c,0.0156450025903211
ck_6d03a542922b2ae8,0.025501912866192165
ck_d6fe761ed0db3270,0.0225262063778161
ck_7f0cd6ea3096f985,0.0018292498660266805
ck_23edb6d938a3b87b,0.0031482319273459735
ck_799aaf9f2b9ef621,0.008846233820077952
ck_f8f6a03613b6dda8,0.00357303937626458
ck_7cffb189f4f514ec,0.9623604945102485
ck_c081e1967dcd811f,0.027173422740698838
ck_583d6ca78c97d91e,0.37621209515004717
ck_9332bbc7125219a7,0.0056356829001789135
ck_956b5af6d7d86c65,0.44934992886033404
ck_2d634e3f24681c0f,0.02874772242846427
ck_7b35d218ed0c5a60,0.009042002232436399
ck_ca5b1057f8248f73,0.025473655611174897
ck_ec5ea81cf813597c,0.0010885513113796342
ck_eaebaf4d28400fb8,0.015059125163319026
ck_ae2ab6be219219aa,0.0006665273281567394
ck_d99a8b4c820eb46b,0.002117476125327311
ck_bcfb7ffb7cd428bd,0.0052242192081826755
ck_3dd542c2d31be2c0,0.01079594910222912
ck_c7dd84401e29a7fc,0.0013873039379004822
ck_c4bcc7cefd40f8e2,0.0006199448036736036
ck_c251898b5d51e3b0,0.0031778899449408636
ck_36d37be780c1291c,0.0073126711231720305
ck_99b4f266b61ae7ee,0.02082408831848498
ck_c37f03995f0f0169,0.0004342061011186789
ck_65a23ac8e44eb901,0.0023201197594660532
ck_644b1c1149eea9e0,0.0099536432681107
ck_9cf44eb0237c2429,0.0016405932988216992
ck_20541686a94fb71c,0.023903419485520872
ck_c18245be844680f3,0.010919576357030213
ck_56de216eda6b7fa6,0.0004157450473384748
ck_406c4442dee45cd1,0.0004429195780130951
ck_df1585c7d72a96e0,0.001286943157424202
ck_b8e8dba20676d87b,0.023882385799245467
ck_0ee6965e68efc177,0.01488616718351588
ck_c2a5c54ad8d0d297,0.024260089295647245
ck_bf6fb7e6470e95cb,0.0015117727030294547
ck_27fa694569140345,0.00039711096192147406
ck_e04166b0ce66393a,0.004282725719873197
ck_8742114f4f0cb22c,0.12907705648384568
ck_6eceeafd56b42576,0.043187514844573616
ck_34f9951b0eca1965,0.02411904711477136
ck_384ccecd342a24ad,0.0003940157738155481
ck_49c98bebd1338879,0.00046829632198390323
ck_6c26c12071c91ff6,0.004863011905517123
ck_01e5986ebb9a78f1,0.025574625710009843
ck_121db7ba3be29ee8,0.005802154138987448
ck_039e6d5a330cea1a,0.1285539100845898
ck_ae8c9163cf957d7e,0.008873101643067172
ck_3f5e8f3f1df0c8c7,0.031953663330444866
ck_b1c51fdafcd80122,0.03014836478623824
ck_12e2b5ebfe8986b2,0.006094312826471361
ck_d55eb81a4d543c59,0.009151819907997249
ck_f85155ca5c312c7b,0.029129682350371066
ck_133d8a1ac7c0e301,0.9873145342577322
ck_04212a9bb9b28696,0.998581362456941
ck_4cc11c7d3ca61f73,0.003261769766148566
ck_2df4854186ec515b,0.010094811645727696
ck_aa9b28e7fc43af79,0.73252396145671
ck_47cad6c3def4c9e4,0.0014038006057111644
ck_fbff7b5da8111567,0.002775262719610478
ck_bd25ea782e375b22,0.02898739428376432
ck_7989376f8cf64a9d,0.018975132848044172
ck_675c0ca1ebb1051c,0.0036940510206980802
ck_1436f6e11d4008f9,0.02559821632966509
ck_812cb3a4482cc618,0.029635733555137104
ck_6e606f73a1094afd,0.011823818735687941
ck_1b708e2a4a0584dd,0.027509439609502778
ck_a60d6b324bae0330,0.005764814124350255
ck_706a4f673a9fda3b,0.37030146338756986
ck_a75ece9a9044eed0,0.002139620500776271
ck_9aa45c4e03c8c57a,0.017029554927495097
ck_9fe9bdce982b312c,0.03760536264876275
ck_c6fbdc5ba68a8466,0.019220213165936417
ck_ed0cc1b1c28f9511,0.060219080362664025
ck_a4e2607b4c8021e8,0.0005097399762109283
ck_e02f93f51cc8caf3,0.007202068872960742
ck_7084ed3cf20781b7,0.02656480423446965
ck_cd4c63155570d6ea,0.0022705676771469607
ck_d1b9e5d32d2d789f,0.001650628721081492
ck_68f56f6560a7a933,0.001589196658932098
ck_8bedacc6233c6269,0.018946225849696224
ck_ab7cb50407d6b13e,0.02300533836668474
ck_f17ed7e0fd687742,0.08329316724178079
ck_b0fe4b92fc70f72c,0.0008667161530701411
ck_84d62b8196da2452,0.012415853190751643
ck_9e298cae167f4693,0.0028014962701605564
ck_405b20ef9ad0ba5f,0.06468163582646076
ck_813e02e1ababd177,0.016078029079973476
ck_f234ab47061ba7c0,0.0012974285938545241
ck_22b587c18363899a,0.005960726737729546
ck_4e862c2f48c38aeb,0.001924087574326657
ck_b89cb90a420c9075,0.006787729625314961
ck_be2251640f27a3c9,0.0850291359789626
ck_46bec0bff167ed3f,0.027720338683477688
ck_c0032232c2868328,0.00900417654081616
ck_030cf09525dba4ba,0.009907264227390992
ck_6ecf56236789fc09,0.9913263473148858
ck_38d4ed52cbe6d123,0.0426380362639768
ck_2d923d957ffd4d53,0.007722578973571755
ck_3af1eb88728ed8c7,0.025437023876355935
ck_2f8120ca80a1592c,0.007504095786481278
ck_6cabb1a133f0b151,0.013798085688041544
ck_bb6cf7e7b707731d,0.7939179100870213
ck_c8307fecafa90140,0.018903462288655658
ck_75f968be67f46d24,0.026035786532375687
ck_df6fe4ec5a233213,0.0018102137573327527
ck_b53e88c0e927d896,0.00036233654052139066
ck_f0093064aa28f4d0,0.019456086245214776
ck_ec9976cabc63ff92,0.0007441765880406753
ck_30dac0a58c5590cb,0.03133692812764756
ck_348a525791ae6475,0.02729197856529426
ck_b898d912d1181ef9,0.0033190708913861545
ck_f5b1200dc6f95760,0.08007561457419994
ck_54978a073e7a0b1a,0.004876843313832893
ck_55933936536a4071,0.005264573773205561
ck_d6ba7ffd2ae08863,0.035307818987274225
ck_404e2217fd87fdd2,0.0018361762988635358
ck_dfaafdaefa5716b6,0.04493479906501031
ck_556c62e92d4e7e5b,0.08085251529627314
ck_7ce44f4e06d58111,0.11488024661028799
ck_465cb8ce232c7670,0.011017302586852892
ck_237508ca4fb37268,0.028301956892541877
ck_ba4a6b9aa63964ef,0.020167941994964998
ck_4802a0a7a1882c88,0.12231833418023465
ck_9478dfe4114c30f6,0.0071293997525901905
ck_5138f6c575dec64c,0.013358487609251327
ck_aebb42afe430e2e9,0.002476103337483443
ck_004efa95555437e9,0.019726221612550107
ck_11af112667c98394,0.011611836151901455
ck_44e9a18a8645c9d3,0.0013576328447661835
ck_2605fd571219e28d,0.000643103688258439
ck_dfc933493561d84f,0.012461579431508949
ck_67674348e68d1f25,0.008532193959356374
ck_dd97429277a2fa00,0.016934887368098516
ck_d3eab7a06eb48348,0.03801603450925733
ck_0b9fcff9667ec05a,0.004505552872572881
ck_fc4bfd6e739bddea,0.0010995380886293818
ck_43292f70a03ddf2b,0.018793767924979127
ck_5ff6108056a3fef5,0.00983374812579837
ck_767e0be086b5f601,0.03436275173174572
ck_b8465b1a5666155b,0.009845178879151846
ck_ab2e3fc56f5b3aae,0.0054174866413315885
ck_1833c81d693c1e07,0.9836673466343683
ck_0308e0602b856445,0.0010063411758722215
ck_ccbdfe744acff8bb,0.012457238207766862
ck_b294aa27a0b586d7,0.000658216342094853
ck_a3747201f377626d,0.991347093998431
ck_edde1d7d1db24725,0.02599159518132299
ck_ae3b47d6e1063704,0.004313137425498465
ck_3aabf5e0f4defb41,0.007447293931872278
ck_f034adb57391f3d7,0.031334891520877727
ck_533672fb40531607,0.22045243225070288
ck_2a244f1ae08ef83c,0.02977503227917891
ck_a35d81bcc54ece2f,0.014121312767192175
ck_78a61215675b38f0,0.016321746212575403
ck_e013d88ea7939616,0.008297065881911493
ck_e5018f9418e0102e,0.04215442762744464
ck_d4e024fcda401a31,0.004720358629848376
ck_f736cffbdb82db34,0.00027998017188126913
ck_1507f5aa50cdf3a0,0.018786834699241348
ck_18270fee7c8fcee8,0.0026693572699976833
ck_95ffa1a805a1c9d1,0.0010168120760645366
ck_11132d245b94d045,0.002677099953911516
ck_7b93a622e40d8b14,0.0333186862704903
ck_3854c08d17704347,0.04886684407210773
ck_7717fcb100dc4b5f,0.01275977341951891
ck_ba54e0a1c328119b,0.31463420135218234
ck_a7afdac4ecbf2de4,0.5037055958633238
ck_ecfb771ed2352085,0.004551444810664276
ck_68be4fefc85a6b64,0.2653493869670304
ck_dac7c50bd6d0148f,0.002318831920012407
ck_87cf36a03bd63c24,0.11058083749557662
ck_8adb40b168b59d7c,0.02561584496996779
ck_8d2f62930777416b,0.0787705679382127
ck_9958b58da9e3c21c,0.030007880095508057
ck_9440335375701f44,0.015489804354106103
ck_e2f88e202b6f700a,0.03344015365148543
ck_4c7c50684827a2cf,0.004347301845694647
ck_8a6ea4a79b1c7a8e,0.0060877957268842195
ck_186dbff4b24a3bbf,0.3124845651398174
ck_220fda3c11c59b6c,0.028204143984219037
ck_3acccc69f8b1fd14,0.1316802389909444
ck_9de191bf79afd676,0.005892047791143057
ck_6de6b1663f9457f4,0.0010192957583047607
ck_062754f8b79b86e5,0.0009136052132608536
ck_aa153a89a52f7eb5,0.032511076145810565
ck_34a6bd3be642f15c,0.011970390189042222
ck_9371c700d9830326,0.02803886755883363
ck_a99e0c258ad7576b,0.003806282183667705
ck_0a7ba51d626e932a,0.026357911571233895
ck_852c50bbba1ead13,0.06908294161930607
ck_43dc13b6b6d31297,0.05549602799724709
ck_7d81b59d615a6649,0.02480732500605438
ck_39a3f1da060e88bf,0.01635175666337178
ck_6fb2d142c09ed3ed,0.1038987507896947
ck_6e5752b87324b58c,0.022572851310430058
ck_9441d48a12e8a4bf,0.05823556632692061
ck_09e9c51eb538b255,0.008664397469905322
ck_8d0cd981ed3a183a,0.024745853871942957
ck_57c07c45269ca8c0,0.0014679705691936528
ck_ccfc9ab888ba933d,0.011723016322009158
ck_9658a6ef471053f0,0.003363682664509829
ck_dac3852758f4ea89,0.0012433483565280651
ck_b1ed2278f5f14d82,0.020850294538065996
ck_333544d173524f70,0.055635580222990165
ck_fd4582e3853ef23f,0.012221598535527713
ck_614d936cef98db04,0.0019481497767429735
ck_6bc351a3d57aac54,0.007041984526495108
ck_af5842fa7202ff25,0.004918724906393582
ck_81307759252571be,0.008914915569989164
ck_b4d2f02d2cd45720,0.2365237476167348
ck_1bd753a4681946c8,0.973686162282413
ck_46d8c029d46867b2,0.0021480027343208957
ck_b7da6640fa2f49cf,0.20571633064385098
ck_9ea3d5a5a91fef9f,0.023775765523407766
ck_7b922518f667f76a,0.00023256250915849427
ck_2a5b31594206eb30,0.9806754936645032
ck_d9506476ad3f9e08,0.006078876465962068
ck_c8791f7ebd4d93c7,0.04523719160527656
ck_b5a3e20fd210017d,0.016628029700261195
ck_8e54386f4fe22cad,0.013014207907201918
ck_75296704f5806f56,0.029200387168869732
ck_0fbbc7a6af300368,0.0019580852614808496
ck_d19bf4dc0627113d,0.0016273906596042237
ck_7951bd4eb99a0175,0.000698149350277055
ck_059e4fac6b7f704e,0.006511916469605867
ck_2ce8931af02a2ce3,0.008826845488564264
ck_9e665618a4860306,0.003909094335411292
ck_6fce5a893613fd2c,0.00027070153230867515
ck_9e3fbd04e3532f32,0.07304702873746159
ck_55f2ef0de3420e3e,0.010802477387039407
ck_8d87658a6f5d204c,0.7537300069820062
ck_6d6ac1f5dd882aa5,0.0008300480562325359
ck_55d0c7012d7ef236,0.030487244619092756
ck_7738eb085e5753d6,0.005197864211518671
ck_0e6e05c3cc8c8242,0.0059286319933822655
ck_8d27ff8383d48132,0.0010509406947310914
ck_9afc3bb849f3a64d,0.009462630797933552
ck_27eb86a9898cdfe3,0.004799339478791996
ck_1d40e4fc541abe93,0.15369797219164294
ck_4fd9dc00e1913587,0.9891399696140614
ck_b26cdb2b7b165d2e,0.012007782796218702
ck_a79a27767a02e31f,0.012292935021653599
ck_f0c18cb9f951a71e,0.01479891363208285
ck_50460e0189de6274,0.9306364194380453
ck_5e5280539257c986,0.01228135559211944
ck_eeb854318b3a6f0a,0.012365753020265035
ck_943f66f28dd24750,0.0014380752438626417
ck_984dd7452aee372d,0.02013270978095125
ck_ecaa6de0aca5e9a0,0.017939765214279136
ck_8f1cbc432e2774f8,0.040631768714942985
ck_d91d9f8445b9769a,0.07277175887743031
ck_73c18e03e3c7612e,0.0017045804451938389
ck_aded05ada490da20,0.007786394424796013
ck_f744e208183971f8,0.0010352608206160281
ck_02d4cef6358ad3b7,0.005490249833219916
ck_08ff5bd467226a5f,0.0007770138508434834
ck_f824b326d5089885,0.34095950853019485
ck_3420f2fd520890f3,0.0017181681893515197
ck_1838cf8d00f5b1e1,0.01524168588608294
ck_a85182ad90b6f1e1,0.0007924209830704712
ck_fecb39c82c43e76d,0.003548094307419321
ck_162513e73782929f,0.029330431371570626
ck_2c27b77c59d8f23b,0.03605507320475789
ck_4221e07b17388fd3,0.02181568776373523
ck_adfb8472d5c3d669,0.02839190203970944
ck_0742fe64055d686f,0.0005570031578495137
ck_5060aefcc8b6f958,0.03309259910832304
ck_643f549b4ac78a26,0.32981182150410104
ck_dba767885bd6ad69,0.0039061528316931943
ck_0dda35c0c64c7073,0.9632203993167957
ck_38ea56d43afa5660,0.021942710754864092
ck_d813e15ac91f487c,0.20906859589558693
ck_4c840e5585a7b167,0.06624633889272108
ck_cb8551453a7bb929,0.003448415577288002
ck_05a00b1dd5a03359,0.003204753013007483
ck_837cc7fd48453a01,0.009446155679875584
ck_49dd816b31fba6b6,0.8103226125585579
ck_86a61d9a39768e87,0.010606712664450355
ck_cd0e76f0e7bb38cc,0.05295395972215469
ck_dbe58392635133ca,0.018798598087699504
ck_3caec7dd6f8d02c9,0.06065838344589126
ck_bfd9bfc5b6ab4a54,0.261402996619194
ck_2103399bdb2898a6,0.006357332223439493
ck_329f7de7279e74c5,0.0041294850455883296
ck_9bf0d28119fc42c8,0.017949736598788766
ck_f781539b1042dc83,0.00197933155616151
ck_9986c7d781ac6b4e,0.013359405391344082
ck_a627734880aca848,0.000818522815049032
ck_2106e509d77fdb4a,0.5445264990286675
ck_420d1a9c604293ce,0.004821802795725489
ck_fce0610c527e2b56,0.02308652172697608
ck_073da541ec3f9d3d,0.009428988515336245
ck_aa5f3ab48c17fed8,0.13502766668605867
ck_0fc1086e1c9e04b6,0.01519010658251555
ck_5c33bb46c1a5945b,0.09085984656831475
ck_500948a8d4bd8e13,0.012358156124215272
ck_19becd44f2c3d2b5,0.004257978298167799
ck_7d0fe77dd5ddb656,0.0454952818968991
ck_f158d9e5f101bb35,0.009333197855728777
ck_cdd7c77823c2257f,0.20314855459497663
ck_6c7b41374f9b2e55,0.01077033544118474
ck_417090dbffb1a63c,0.0237602497968704
ck_dd0e17605f970319,0.008454897359023132
ck_3646515079e6be55,0.00885323235301209
ck_89c8b06aa8c84b2d,0.06417964978283323
ck_e4d6dedd97233c07,0.026930248967002437
ck_bc82fb1895fddde5,0.0012144083445192497
ck_88a8b1d442ca3686,0.01977719248703105
ck_5791f8f76a629a4f,0.09682871742914327
ck_9cf5e88e97c8c7ea,0.015180339303054525
ck_58fd684aa5a6f289,0.000310895840673965
ck_9800c21dfbd8e811,0.007650936047161606
ck_8ae64df60ab6ccda,0.00918527576813352
ck_e535fb0f0c00418d,0.06161554337610348
ck_48011996d54855ac,0.13527143499083558
ck_ac79c72a8fe3fdef,0.06021018996316682
ck_b8cc2df5192bc49b,0.038165505716428426
ck_e96a5e1f08f8a867,0.0025836860197440106
ck_84df6770549e43fa,0.0016263510421826706
ck_e5f7b99ba6ec5767,0.02691510890522138
ck_8347455ab53ff620,0.005325268012180497
ck_a84f2cdf695a71d6,0.003201315268482221
ck_90456160115f9ef4,0.008321597622478158
ck_ebd178b3f3a9c50c,0.011690941140351407
ck_e1140be6157bacbe,0.0006706416073194915
ck_744ffc11d32b96bc,0.0018402994953747448
ck_e12a9f7d027e3387,0.009925547750277795
ck_cbe525da0b69f18a,0.012458349999275089
ck_aa59702537557ff1,0.01400875870368907
ck_0348cc6908f7f3af,0.0002969409464778148
ck_120e995d50956bee,0.08142020236103724
ck_9fcde1ff46cbbea5,0.0004035374088802804
ck_54b0b070689c50d6,0.00048733134133956433
ck_966a167758fddfd4,0.049822204013762
ck_d5194f2e92fd6427,0.008498992332101508
ck_2ee84f3fa27f2cb8,0.0034710558207678086
ck_57d0a7eb7eae2eaf,0.04707528550871648
ck_6a2c4edd82e10969,0.0006088953078599815
ck_96e4d38ef670eaff,0.005624574809727611
ck_52cc2fd5095b169d,0.020954799095630552
ck_4b088920f3a844c1,0.05676416536646397
ck_8f3ccbd20d59f1f4,0.002346769118374432
ck_e5e5dc431bed6f9d,0.0034939087393463333
ck_e8b5bfa6838e28d1,0.0120600955888741
ck_4bfeb78b47b7c6a1,0.02896285748660435
ck_a705c61bd679496f,0.0031199702720519345
ck_731869a0c39cb2fe,0.03469084398305152
ck_259eb102342057ea,0.0014838322545301574
ck_47a6005fabc33551,0.0014516234955876792
ck_682262b455a9edd4,0.001039687741205526
ck_e839d104854945f0,0.0011559125806521315
ck_761989aa4c47d746,0.012566644175852631
ck_44211dc210139ed3,0.00635155959211075
ck_9915ceedf63a5289,0.09140108101807616
ck_da59ab47cb6284ad,0.0007591234739648742
ck_e5cdbfcca2456652,0.0025165759680072664
ck_13f2560c6a1ec62f,0.021109309828816328
ck_a0543e9b3abe1001,0.011640362031005332
ck_11c7a58e09e6547b,0.043369184571925214
ck_69587a134d43a4ad,0.05288943272049293
ck_28dc0de0ae291f37,0.03319747018564935
ck_298922703c5bbe05,0.030130326416406023
ck_fa5ba9ed9ed6a343,0.040981470278274666
ck_c08e64d424e56c05,0.037974580048099886
ck_598e036a28262aeb,0.03558012586427548
ck_3f7c870510083a51,0.004130449426091738
ck_364f8203a3e98d36,0.7948825531861793
ck_7333cedb61506ead,0.003394913726433262
ck_1d96d7fd65f208b2,0.012807476121908386
ck_63133a79f23e2627,0.07639173774877493
ck_901d820e0b72abae,0.000641572011487803
ck_5dd80b3c01457bd8,0.016673828673404587
ck_c0b8067c144ed6c1,0.005364268433209329
ck_cebb8aa8c8f62c60,0.003204683418128198
ck_79749eca42ff1f5f,0.01858130350540647
ck_2cc1d9b587f6da31,0.07840684881328149
ck_ccc7916b56d42195,0.002887279655932273
ck_e43e53cc7b8b8e41,0.014772190611523526
ck_4ab74a6e7450416c,0.0027944546553059627
ck_6e44024e9de301c6,0.00046646085343163827
ck_dd78cb6ae2866cc6,0.010845138261657172
ck_c363d3b050baf3b8,0.05971320914647169
ck_2d46291975f0dd08,0.0005793525158218748
ck_76ebeb5aee42f041,0.05545893727968713
ck_8395f004cf4d4c08,0.0009936676761929536
ck_de7259c3741db179,0.018194594719718335
ck_3938e92585df2b34,0.02919012032289664
ck_af69bfcf4f07d932,0.005093777064377897
ck_1723900ab9afe374,0.0950143058584451
ck_3d58628d1c853c8a,0.002517657727839531
ck_12a074db100481cf,0.06866047801310111
ck_8716cbf892c50e29,0.015196318062142375
ck_fbf7351958ad9615,0.006769311394344071
ck_a50370907e6b397c,0.15756658904643348
ck_937402a60df0821c,0.0002887378984593642
ck_8ce9c5807acbef48,0.0053925484688216495
ck_acf7d65eaaa4c31c,0.002450060042189226
ck_ec3eb6dd0967cac5,0.036594076248666126
ck_fc832b0c90c9bdb9,0.21668096877099527
ck_8129e81cde280131,0.006358698611753782
ck_52c0ef68aa2fb8cf,0.012093661089584902
ck_06f042e9b1b662fd,0.02627812916574752
ck_0bf35dcf7b38f650,0.00036741530114426475
ck_615763afc2e17a7f,0.0009909571446317692
ck_e72db9d4b2fc9997,0.9970063730167914
ck_13757bf0eeb353e2,0.012515575514773973
ck_abaf371ec8249c4a,0.06603253243869862
ck_9b7167da0920c37b,0.041236327560204906
ck_2e824b0b27494a17,0.027420595813420618
ck_9a0b605e9c3220c4,0.021998048640746056
ck_a5276af466b681de,0.004279406121130345
ck_9e0383e1fb6e214d,0.038787232867014985
ck_6a27c44b691dbfac,0.002867417027103018
ck_af39767cf583905b,0.008535157332337333
ck_243b1b9fdd3f9a74,0.0004268051884384165
ck_c0422e638a9c6046,0.014948257768799862
ck_e0f3ea3373dfc4aa,0.023021592119178317
ck_d56ee1654378ffc7,0.01922312815216465
ck_20cd2f5666719baa,0.0005959401494748509
ck_4dfa1c1e9b69fcc8,0.005760931845439657
ck_5d22e9ca1d15180b,0.40740493300987124
ck_f4a7ac178fd55f0e,0.003138029315703328
ck_fd5609bd23a1eaf8,0.003199171674035647
ck_49c3bf13dc9471ce,0.01733174572674957
ck_724085c3452d4693,0.27450672950843336
ck_e5d1462846154a75,0.031742291592658595
ck_c69ef0f3e7d6acf9,0.0828970382819422
ck_a2d0417791d4132d,0.018647247761111624
ck_00a07fc2a9183c3a,0.0004026622860128796
ck_781b8288e54ba8f8,0.09778539778067763
ck_d74a62ab3804a81b,0.0036891548731553727
ck_abcbde211b6267f8,0.01957399531843911
ck_16dbafc035574654,0.003123439152508244
ck_018f780215ecaf38,0.006826538524628191
ck_0b259620eac51618,0.01058441743593378
ck_4f875342394c110f,0.059117140076489154
ck_399e45e5fe9beaee,0.005245909166448959
ck_36224a2d394ebfe4,0.037454479444269335
ck_c189b551bd111332,0.000627523687426498
ck_125c5a720ecb177a,0.06888059700516706
ck_76d010aa02eb477a,0.0005700887555081638
ck_1071d14c46c92379,0.26024804781485333
ck_61d244b2cde483af,0.008472469274144015
ck_2ff1860da2004c84,0.0010791312165232653
ck_c5b583490198672d,0.011816048825553533
ck_1294f7af22fade11,0.09573899666571328
ck_e3a22799716df39d,0.002467114223255389
ck_c77e22834ef97005,0.31876397768761006
ck_73d3689728270a2b,0.0009295231539610838
ck_295565fbf77ef885,0.0012219835903893904
ck_80c0a7f54ff4895d,0.0046120341017808755
ck_f1ef5cf7f10b16c8,0.11207908138518193
ck_a958b2461ffc21a2,0.11029042688591917
ck_0e7899a57cd617d6,0.0013997566795762933
ck_9d4fed252718f58a,0.02593485711239386
ck_83c2c34add971d76,0.0007268679339791964
ck_9ccc030ba2de9fb2,0.015952688576362114
ck_cd691e3466fb3742,0.0022260053941029223
ck_49df70f908dfd069,0.08676371954608013
ck_362ce13eec1e33a0,0.0028631609018536243
ck_2452a30397dfc54c,0.005337491865236243
ck_a443d49c2b4863b0,0.007223228372766289
ck_c8b2e2cb349dd0ff,0.006176138513864599
ck_354909fecf5da8cf,0.011512686658877525
ck_841f598bbd54c83f,0.025005548209565905
ck_cd6fbd4e8724f994,0.023019769953009857
ck_e0b3158111370118,0.016833294057521705
ck_4c2f2eb657c2c60e,0.001908382010347284
ck_ef346071f0b7654b,0.004461475926742363
ck_f3bc10e3decefce4,0.0015195580207910458
ck_189b6fbe9b9192e7,0.003339254078561584
ck_5245cbc5ff4d4fa6,0.007856101931586227
ck_cb42e3be6fe87f60,0.002992377516456994
ck_966d4d713cbc7792,0.0015798470808751077
ck_1c8c969667cbaab2,0.4273155785907126
ck_d35e3aa9ef5d405e,0.12435153827695683
ck_a1c39df50a5873b3,0.01737270004366781
ck_a152165caf295b51,0.030626545475990575
ck_891eaedae139828e,0.009593588476111845
ck_1a46b56f4734d52e,0.0022899842001968484
ck_5e36042cfad96c99,0.11214407891979679
ck_02a8582c2603e675,0.008284194969678808
ck_6def9d0429e4ed4b,0.014085145887489624
ck_e137400825a1e3e6,0.009884343532385024
ck_d91ab840848a54fc,0.0007673904767621785
ck_becb6e1c608e0078,0.0012259667393468088
ck_6fd8c86ac719d7eb,0.091221921983709
ck_3ed4d13f12fd9d0e,0.11006173841795414
ck_007337aa99a4891e,0.0005407248546773452
ck_60c3d8306527a08d,0.0010743266755875204
ck_95458880a54df0b1,0.07847918385043984
ck_b48cd8593533fc1d,0.5791606905573476
ck_021c6a4a7e3f1f0e,0.0008866537923333337
ck_764d40f865e710af,0.015099929907129196
ck_4b84357ae8ec7777,0.0073114030423428004
ck_3397c7856b4669a5,0.0006519612900160896
ck_920bb003b42e6310,0.0008917401173182384
ck_8f59f11b512d5b7c,0.07326778423676343
ck_a3acf4b986afa98b,0.04707862875294705
ck_e89d25ed7bdeeaea,0.002571978631506079
ck_70e6bca473bf6902,0.0036104305091315433
ck_186161ce152836f5,0.0074649704368381295
ck_9191579254663f5d,0.0036154180118914097
ck_1e6628879e9d653c,0.01199001359119243
ck_b498fa91a0776ff6,0.015801003394692235
ck_cfc2384f22954830,0.043840181660114406
ck_17673a1c2867888a,0.00068121574483739
ck_523dce06515b072d,0.006970226225542304
ck_c20638a325ead2e4,0.0015003715670604764
ck_d3877e1f907cc148,0.03629944173054988
ck_e9a2495dea8675e2,0.016285306011874768
ck_7e561caa5fa1f3f1,0.05929742336129406
ck_455672e652fe1abc,0.9802286378299532
ck_7f8f864fcc90ca82,0.008738620753094286
ck_1ad36046aaeb816c,0.007703372508093033
ck_de056e37c82e8e00,0.007875026457658661
ck_7484c214c889fe7f,0.019379180448925407
ck_32430e678c4f9f53,0.004301873802654641
ck_6276ece8f80ea799,0.0046466439994942545
ck_ae8e5dc4b725bc25,0.08733066144502787
ck_f01be92dc78a2dc7,0.006279787478656079
ck_233397a8bd40d38d,0.0028371972606544495
ck_f8124911450fdf31,0.7235659029821914
ck_aa0a3179f1111674,0.0017907227074216274
ck_2366b29ed9887a5e,0.0005226992506389078
ck_1f22f04dfc08cf27,0.0035491913375988505
ck_b62276c3426d680c,0.04511553132675596
ck_d099fca88691f66f,0.03900859428451144
ck_166bd1dcbaf4d6fa,0.00034045442498560006
ck_7b1660e942436e12,0.005278095755457815
ck_4a9a791a1d409a3d,0.03859907776056381
ck_b003e5b54df65db4,0.00782925851816683
ck_64b4dcbf436f0b75,0.004264935665810947
ck_26e9a7bb2061a58e,0.03525528104638013
ck_08b77ad5f8f73007,0.009624590669971423
ck_366616a725afc6bd,0.018372845328751077
ck_934fb5064b6eefe2,0.00034684652218106146
ck_c6abd5d57b1009d2,0.0007003831821604384
ck_edcfa9e1cf29d813,0.027078352150338315
ck_c30201ebd003fdc7,0.007535532402307036
ck_c54643d94d3ce355,0.054999536472798594
ck_02adda6e91e49650,0.02017877926249721
ck_5b73d7c5255e58a3,0.05921713228017698
ck_129ffae92dc01408,0.0007838380044097988
ck_fa321945ebedb916,0.05184582248991395
ck_8da980cb2e1e2bfb,0.004631125001473379
ck_0576b00d728bdf19,0.20209202419150307
ck_c543d82e22b3c8a5,0.0010618821455880354
ck_0027ba644f9ae2cd,0.1297979069568555
ck_8dbf61df902a6bbc,0.0012163619907581507
ck_90eeca1cda79fd41,0.0005793390185826991
ck_86d7127391d4e01f,0.000673941765790589
ck_73762038c7ff2f6f,0.0010771911606981882
ck_a1484e6215fac651,0.23137982906523624
ck_cb83b9f806e90dc6,0.15627396428795706
ck_8c6f059c95872126,0.0018300598499798165
ck_3174419a81e7caf2,0.0024570435196111903
ck_6a0f8f8fa4a3c2bc,0.03862448485651407
ck_b5777605668bfca1,0.0004202243127348412
ck_27e4de495abb4d15,0.0011243653916368959
ck_7f6fa79c7a107161,0.012654525497481145
ck_c36ed9f8e6792ea4,0.011845060771502004
ck_67a1aa88d2ea554a,0.029777865969548598
ck_09748dfe4df3d540,0.0023261260537089687
ck_27fd85b1e38b675a,0.0018628009362748226
ck_2369689bd795ee10,0.00950272051345311
ck_4eb1c12f7d092bac,0.00047827547513515535
ck_01fbafc42c8e33f5,0.00741159884554967
ck_93c4e05699b3b7d0,0.005701341004920975
ck_afc484d1b6907983,0.006694664125368305
ck_1b2d9cae92a1aab1,0.024697338070692798
ck_73b729cb161487f2,0.005074180116390022
ck_fe3c1d0ac090d960,0.1697324079668078
ck_408efac1d3885ff8,0.09372136780938167
ck_ccb4dd9d0a48a76e,0.00726503138591543
ck_2987eab34ca7805d,0.01632487538993608
ck_1dbf1f15193197db,0.051179342767677195
ck_4ed711fe4053e74d,0.1295067241690253
ck_6c54adce174f45f4,0.0043793232708355
ck_a6c740041faf0bd5,0.002241246461418165
ck_b05c4d33c4f43639,0.0437802627915991
ck_032880f1114dd51c,0.011967838911706464
ck_22311b037456a76e,0.00046030924868313404
ck_5866b413549765bf,0.0020770629105723074
ck_0e808afe2570ecac,0.014326263210892837
ck_634276b05f4381f8,0.008462521776378457
ck_5d8773badd0d4740,0.03154359553638633
ck_82b5b79ce3517102,0.9060559171137207
ck_b378b8d8100ee4b1,0.01411699532391931
ck_54e581f71be5430d,0.0012649768501167321
ck_798ba4b8aa544fea,0.0020315111060252135
ck_3fe86b6331ff95e3,0.059021764635574216
ck_81275d9d4c559e6f,0.007081647073487782
ck_99a4e5ef02d89493,0.010797760509985946
ck_54e2eb018d947790,0.00482383284477176
ck_966901ea9c77cc02,0.00806779927570118
ck_27d69ff4e0cb428c,0.3671616718223443
ck_2cee2dd7bbfc09a0,0.7584565748622595
ck_4136b00924695ab4,0.00045685995760554477
ck_59a164c40c03a45f,0.003978637711595858
ck_3e24b026bc66789b,0.0005635917058343579
ck_8105bcf69a75ee47,0.006431533978274041
ck_7a1782cefe26a456,0.023180971671009788
ck_970c7dc195161272,0.0004933641397586445
ck_a48ec0c00ae20e82,0.05189734769898846
ck_54b374ade34e1dc1,0.005775551256232515
ck_74e5dec189761d14,0.0008697600150657462
ck_4717f24f2c6f40e1,0.05955797395200336
ck_fc8cd8a8209e802d,0.006785806106184926
ck_71db4131d7efe218,0.0032950438886153277
ck_45424ea6f0bc4650,0.10380989868659433
ck_3716c6181a5035bc,0.033825215562564515
ck_26de14b96bdad4f6,0.010561196777087058
ck_99c0a41ac9c73857,0.002565597614386109
ck_645f15bbbcff3b4f,0.9753867854707474
ck_b7e25ddd41514d4c,0.0018057061883338804
ck_d5c14e877ca7b755,0.002614484779650343
ck_05ea4440dac6cfad,0.01745597071856288
ck_c58bafff7b1955cc,0.012529894971772001
ck_f0cf85b67a9b840f,0.03244156570953278
ck_ce1500a7f0d03fba,0.0018224695690104858
ck_d4972a775aadbbc8,0.00881489810551526
ck_3eb6146c262e0fc3,0.0009448817284067823
ck_afb23858a4ef42ed,0.9833614999080105
ck_2c1def5c91c52a5b,0.22832665390301665
ck_72e550559487b919,0.0059631524981479216
ck_0284dc2b4f856b3a,0.05359469980827356
ck_03be334935e999a2,0.002730719646613045
ck_e35a4b4a3cb4cedf,0.008978689818172231
ck_5abe57dfff4b735c,0.007113688175563318
ck_f5f87f772388efa0,0.023745773038188284
ck_5a22cb36d612236e,0.004374514462354497
ck_8ff1e6028e764472,0.8355432240000077
ck_2ab28149b0986642,0.025307389076406363
ck_c88fc1bac79fa6d3,0.06378255833472359
ck_5b137d74bba6b1b4,0.0010049721360985654
ck_11f362dca2dfaf5a,0.011244003205891232
ck_7f960541e5174565,0.001358605976901288
ck_d5458ba39ae94498,0.012420894583269365
ck_0a921a73a90c2e39,0.03469777273373261
ck_6ad56ef40086dbe4,0.00730721428773302
ck_b68199ecccf2350c,0.0004872662491936898
ck_6dac66c8198c07d8,0.00934147380981767
ck_9b9ce7bebc235fe8,0.0019649560607046743
ck_6b817117d87063a8,0.006512540125093086
ck_900d62b3184378c7,0.001855783953419703
ck_eafe9b89857149b5,0.004780561409181257
ck_e74716a525ee5b24,0.0009535491288548215
ck_4e9a6f06ab134102,0.016574434589845005
ck_b0d33b5a3716661d,0.004333762123831856
ck_8703543bf3134306,0.013526470993992354
ck_923d6a0f83accef1,0.005625985477670768
ck_52e37e2170532e2a,0.11324634324293308
ck_c1c5ea839c58958a,0.026161440633855088
ck_660f0006780e87e7,0.0045289578269058365
ck_830b2c5d1818ac07,0.044285227480684475
ck_b080ff636932d1f1,0.0002800890311049353
ck_38730aace405f2ae,0.9982157366281496
ck_9790138467a06223,0.00023701027914196885
ck_10de0b0d86b17839,0.003547959866597192
ck_c3e37a4d3382c32e,0.003194771470325293
ck_dd8edfefa1eba531,0.0003484846613520428
ck_8153cdadd300d234,0.0003758712448420007
ck_74d0e7c2c6b63d36,0.9899736182137803
ck_c478aae3031bb328,0.0027259262297453356
ck_cf301f2194975866,0.007166286533083551
ck_f4de03f44e3a5bd5,0.004930750733563436
ck_b06ce826e593b210,0.05720642753417945
ck_2fc70b6baf6a0e26,0.0024871258096529707
ck_d208494cf5c90047,0.04728104930852003
ck_086d29ccae565e5d,0.0009424445106299425
ck_d5ef6dc116dee408,0.012814671150018173
ck_fdf0c5b722d83464,0.0013952508151785267
ck_de8494b13adeffb5,0.002542906085324448
ck_556786868599143b,0.017524372099593084
ck_4940e78cbdcfecf3,0.014208924992794839
ck_d32fbbfe32c00416,0.015919553770574534
ck_bc7710f7e9fae649,0.007226961945206947
ck_416f7ac57da081a3,0.008603886377133491
ck_6fb39b60c67d5475,0.0013369032621596668
ck_e40a156511345d6a,0.0010095764743222853
ck_49ab879b5aa7fccd,0.15635705301158254
ck_bb643194d1cbc47c,0.9911411584331455
ck_b3ce8f1bcedfa043,0.007666443491300014
ck_558ebde8c29132a4,0.017771691888956533
ck_e6222925762273b8,0.04721673098615511
ck_bd80546b4807dd59,0.010537247176462579
ck_bd21164bd2bbb635,0.016040983029433766
ck_ea835557d7043667,0.0033613768319531445
ck_1411a80a157ff39c,0.004098125832659599
ck_ab973888c20c9120,0.07407055472178398
ck_95b48972061abe82,0.0035292125179221534
ck_fc4a43f8876bf10f,0.8098647224152519
ck_f34fb7ccf82f41e5,0.009118336325470289
ck_5af9934a56801ac0,0.0017574935685299147
ck_fc7445ec76389a58,0.4189993508565837
ck_1eeacc26f02fbba4,0.027006181957886243
ck_4f325dd15c9bd45c,0.019317329073428924
ck_5009a6c8bbaf15ba,0.06383784377426065
ck_0f3de7f074bb33af,0.0038279038244141785
ck_2cbc2f93a32eede8,0.05484110981083685
ck_4bb90a61c21a303b,0.009989217499318625
ck_3ade9eac7d7b0dbf,0.186182058206555
ck_4859a58629622915,0.06249608566471571
ck_5fed957287ebca03,0.0004159776570195675
ck_ec01ae5351500355,0.0009191647317630001
ck_703b41624ae6a5b6,0.0019251489404029313
ck_97c38e7f61c27e47,0.0093357603943355
ck_db2c0908150cb2cc,0.03445206039751466
ck_64ac5e6fed86ab60,0.9272772423453987
ck_da1c853b0a061e83,0.02979638099597437
ck_9a36916b60178ded,0.725854884380539
ck_3715bfa7fed2c675,0.0027401424089840663
ck_dd3feb77d7d4f6d3,0.0019326084641993948
ck_982ebb24174a4ade,0.008286165112864423
ck_f6b7a10d47dd9a1f,0.015992028503335736
ck_1f56fe99f250cdf4,0.020410419078264703
ck_deb3ac0606d6f6db,0.007262475417123997
ck_e666629e5a41b39b,0.009863164135764163
ck_756d2c13d02b3e09,0.03342164220526734
ck_7bc752ae7cf5d55f,0.008860438517148898
ck_fc0cc4b25e6a8194,0.008287365578928757
ck_9b2b0e286de78a1b,0.007541725614745196
ck_24b0803447211bf3,0.021196061882591655
ck_82eed68d05a42128,0.028688966203980825
ck_c8a03c516ed5b05c,0.04807062227409716
ck_e914974cee1bccb1,0.006563768405962996
ck_0c533ff2d0f9962a,0.022431854132606125
ck_c12805fa5d970a83,0.051576214029671545
ck_fc2cb29918631f10,0.08916651653735296
ck_c20e89afe575549b,0.0012594787459485276
ck_e1ff9e31becc27ae,0.0329250416947277
ck_18116d0ac08f1996,0.9382840004471259
ck_885a83975cea5e64,0.0004998835051330679
ck_a0c3059a959ba5d1,0.021021118477677292
ck_75257ca7d7da2861,0.05291125830807449
ck_2210f7a0d13bdbef,0.04525651693966254
ck_9cbd9ecf8374f65f,0.004162776214841881
ck_18f67c00ba21fbde,0.0031048999791365734
ck_2d28f14d3973d8fb,0.0005638922018923531
ck_8b3401b44aaae728,0.0023476111075268866
ck_9d8e9ef37797d3af,0.628924006807385
ck_9f50920c894f64e1,0.005746632711595431
ck_4737e0d56c6fa0a1,0.011068787152169928
ck_52c311f29ca3aca9,0.00017696780136247113
ck_6a4981bc721df37a,0.0172099204898859
ck_823539d936c55fc6,0.0006873468469666904
ck_df5aedb4118020bf,0.962289899387824
ck_a911a066ff0f7b56,0.03685000739586697
ck_684609767df4a14b,0.10065061374573296
ck_f2350bf355dc919e,0.005472991901791646
ck_8452b6cf97c65a5e,0.008851339832843036
ck_084cd84501012218,0.7323467597763843
ck_ace6b72e5bf3e93b,0.0581083986691025
ck_2afdd69094c955c5,0.01922349766158556
ck_fa7d5be26bf7b31c,0.34047296792500514
ck_4b041217690fca2f,0.023770422594747976
ck_9fb8e3d38cdf276d,0.9513662753046918
ck_c1ee56d65a42f59f,0.021216443330753326
ck_fdeaa1cd085691f0,0.010025642648059876
ck_5de33a7a87e9aa62,0.04736550959576329
ck_7476e7fe1ff45545,0.0398759712023935
ck_b0a947b498e47018,0.006282984617960602
ck_e3894ed88a7977e4,0.0018688971116764678
ck_c7e07ebfb0bc15f6,0.04940003441721321
ck_3a3daa8b376f2a18,0.0004672801265739918
ck_87809324c2675b0a,0.015977805399890185
ck_7eb4f33260f1dcd4,0.01980076406355281
ck_ab9f0e08af030060,0.014620022297003486
ck_5b8fc4a76f340797,0.024361219695161612
ck_0e7bf10ef49aa818,0.03766603283778428
ck_a44462a3853ac67e,0.9923737944196777
ck_2d14bcd2e0fc043d,0.002429347423290803
ck_df1f2dba802296be,0.8125108802227943
ck_466a7316eaf149b1,0.04349396601516987
ck_50df50af592b0c06,0.0037494279353420226
ck_5f9e34c849704b95,0.001912294384014349
ck_7836bf6def26aa87,0.008699034116850706
ck_ba175b1bd8efaabf,0.002177364887026122
ck_1a0aac7f7b94b1be,0.18444120412350473
ck_6768c4b2aa8ce586,0.004846863717525904
ck_eefcf0ed15897898,0.00791301397675299
ck_7a6cb27e390b6ceb,0.012668531095317131
ck_5275be4e1577c1c7,0.0031103195957644125
ck_6bc0e5b8c0b7d2bd,0.04805658477575931
ck_4874bdec79f9106c,0.024974757367518485
ck_a678731156ad7bd2,0.1127785673540298
ck_db906debc36a5d1e,0.04123036450526174
ck_e87897767c612942,0.02123308605369001
ck_45ed5ee496ef8a67,0.0029904001591784628
ck_ae20e28f9854f3ee,0.02747149708533087
ck_9ee044b73943a90b,0.010813405738921736
ck_dab34cf6f0626c9b,0.026434084785654333
ck_64a02b7b96149810,0.0007253467787419906
ck_c417d06f3e94685d,0.00298791681369575
ck_3e0149cdee4cb294,0.031351748860049634
ck_0e6046fc30f81705,0.01311015499072451
ck_c383aeabd53e9c89,0.028460182841413665
ck_2ef76f1f36e8b869,0.08918069539700453
ck_43948784650bb9ac,0.007374124268628129
ck_bdb966f43ac350ee,0.05345258011465215
ck_5bea0e0ee0b094cd,0.00544056640863106
ck_dff090f03ca5529e,0.0035134624380425907
ck_a4691b57f837d88e,0.013647598211103904
ck_99ee90946395d74d,0.6196039336643572
ck_cc81dbc83a8879fd,0.004761088868178108
ck_f3dc0725621b3a35,0.0008511205265882707
ck_1bb212d1288b9689,0.03929908951928127
ck_9e7278fc7679f002,0.02604541466418861
ck_3ded7a8720d7e311,0.003678538147000894
ck_798157bcdb9453e1,0.0008867777551348667
ck_9fba80f56f357fe1,0.007446363292906395
ck_f1e1c8491f16f912,0.0021257988958613065
ck_7b1319a5ca2f63c6,0.9835193151348021
ck_124432fd5c92af7e,0.8768742560361139
ck_148cb0c723284dc0,0.008899834892344112
ck_b56c62c950eda009,0.0005746626224446419
ck_a0498755cd8d7188,0.0006003475823518492
ck_5379452a9d74efae,0.0012516765649580005
ck_6c2453229d608183,0.0067188607099938425
ck_f9d8b4813a88c1e6,0.0032758479637442057
ck_c2c7d1e45a521857,0.020399143580561493
ck_4364a83a11743888,0.002834481061531388
ck_2cdf5fd97ba75e06,0.03676283347194641
ck_71bc01291e0533a0,0.005215209274197722
ck_a725d7aed2a0bdc2,0.0004435930792391592
ck_a9b0c4dbd7db6a91,0.043567340511851745
ck_a4258806a533efa9,0.008735475766325102
ck_905e460591d9a278,0.0787031682329976
ck_20de8abfd8960ee3,0.031016205270787713
ck_252b0a0f1119b220,0.0007499096294653201
ck_95e4bef65c36af1a,0.00031966892688791067
ck_5ab68b434ad53fea,0.00236027745036576
ck_13677a1957078827,0.00030640877646901304
ck_d251e9fa09e542dd,0.9982311794765538
ck_700cb620f300dd47,0.00503501286919412
ck_39a68c55a1bd3ace,0.17619323340374837
ck_61a59a7944d6c53e,0.14638484550350114
ck_db6d1c6d31da967a,0.0015243334687557667
ck_650020c500b1b50d,0.008971709370567349
ck_d812eb6930192793,0.0007557984785849419
ck_92f6ebc11ebca89b,0.019277011806263133
ck_d87e26eb5bc84b01,0.0007972383898499684
ck_66439e697695224c,0.0009811249343557496
ck_f21efd504faa654c,0.004663696905062396
ck_15eed0f5652f0352,0.006693140255265437
ck_bcdbf57d98dc0d27,0.017936805365150084
ck_873ceb8004d3a9f7,0.0439706505346941
ck_70bef9ddd4bab005,0.0025839256455526655
ck_7560f1891d66f294,0.0003072334287782816
ck_f439f16f8693883f,0.009412704446139203
ck_14f9535e53f9c7a6,0.005807628128180566
ck_5984be472d2bc267,0.3458539544799792
ck_ed01be7504dc4187,0.06992769467163291
ck_dc3d8b5c17b67ae9,0.0052502745230533325
ck_9dc23031b6b494af,0.029888087152720445
ck_fbdac0221bc03f66,0.00489896998960877
ck_863708a99b92ef0d,0.031963356839904054
ck_22b52654776a1ea8,0.8441053995055752
ck_a0714f98001efa0c,0.010593296974402694
ck_9c56114f84e9a541,0.006133372736464543
ck_e155cf506b2fb699,0.0008098222112285161
ck_65ed7e72f24731e7,0.002083964367754376
ck_822d6e8e43befc72,0.9903457996859183
ck_b1182471d9ac6b26,0.0014739648854866488
ck_821446adc95e6da5,0.003370800495073918
ck_ff182f033134dbb8,0.058752791422447305
ck_9c5feef7647b0588,0.0048649686296798516
ck_df935d8bdd44883e,0.009236000054051492
ck_01eb24c18ad11fca,0.06706744308525979
ck_00d6730134a1eb51,0.011761427953093739
ck_79ba8e85678d0224,0.0072764423596825036
ck_97e3b04a1350f6e4,0.01832353235758952
ck_74e9747954a46eaa,0.013914271808471197
ck_397d5fcc9972f909,0.04071577019224802
ck_9ede89e8a43c3f53,0.06327968456795151
ck_303b33910d67f306,0.0010990107818919313
ck_3c17841636f6f7dc,0.00788371493887925
ck_78730527f8ba1438,0.1665459122704128
ck_5ee32bc6bb5d1d4c,0.03979848516225146
ck_a13fee8cd925d0dc,0.022947351509677277
ck_6f847263379f2e43,0.019715833312622683
ck_9b9d9e579e7b55b2,0.02625573256225071
ck_87c1d0a79e79c84b,0.05141377224879042
ck_bfc453eabb472f91,0.0059826159344127565
ck_978c21bb5fe3171e,0.023506526732038152
ck_dd882323474431d4,0.05409485587215863
ck_533c4f7400d5ab22,0.23646372289148843
ck_5f217bfe28954e75,0.9932246885698529
ck_ae96d35465b3b4bd,0.0036205482312311604
ck_512ebe97c0af94dd,0.027965630800694086
ck_f558fe02bb0219b8,0.010489829918867303
ck_84092e23d5ef4d51,0.024986467184243036
ck_17d3022ca12eacd7,0.006495051962464221
ck_8a8f81bf3558fd9c,0.006721049512492563
ck_0ada6fed1864e7c4,0.015932359449952443
ck_21fe7bc59dcd78fb,0.0038486236755193915
ck_e136e20c1c74fe38,0.006795944830092619
ck_e7a530e09d113dd7,0.43534203068141974
ck_7cb0c9ded4d63027,0.038681764078423476
ck_102db9615e722c9e,0.024950793526153803
ck_129e39ddfde92eeb,0.0007416697344365939
ck_d730ff21bfd7769d,0.0036217197422051353
ck_54459b45d2be8459,0.0012365069994900526
ck_7f1c20319eb60aa6,0.9990610700195525
ck_939fede90473e412,0.00234518714603671
ck_e0f9506a6d5f4a1a,0.0016078675495214073
ck_9a4967cdf49265cd,0.0677197921956632
ck_b9eaf03453ac7d5f,0.002402463082793182
ck_522477be6376b450,0.0025064718709803895
ck_9b6282e3bad50710,0.03280797935511658
ck_a0e3a2facd508e49,0.03409264535208819
ck_97ffae702f7c3d08,0.0016659661335451262
ck_344a95cb7115ec67,0.001369580158854556
ck_1f2760764afa45e8,0.0015719499883104753
ck_720cd658d11ea428,0.010543746008538192
ck_04e32ee9834c088d,0.7906437501705609
ck_2bb1389e5e72c8f4,0.017062194566081355
ck_961e7dbc217cfbbc,0.002581776355372113
ck_f3bce4eccfa6d6bb,0.0035496461153959914
ck_e0ccfa0d689339be,0.00630700382213585
ck_98217aeafa0bfefd,0.03730940539370768
ck_a02aeec1914c158a,0.012158874691236339
ck_20a17e8f206a14c8,0.03164173699413054
ck_114c32aad4b6183f,0.05197172353598484
ck_79f5198f0decef20,0.004480019876124594
ck_2209de229b4c71c5,0.038552706939717483
ck_6ee939b7f396975f,0.007315770242147332
ck_202f0c14b07ace01,0.060028882582354025
ck_fa24db9d416ab904,0.006120187123108398
ck_cf6aa24b92c4d33c,0.2772017321447999
ck_45f57fb8194cefc8,0.01641492904438765
ck_d5eb179dc45394c6,0.019456317872945553
ck_efb24be983342f75,0.013249231924933226
ck_245f5d62ead5ef28,0.010353071000846726
ck_15fe2a47fa7e92ea,0.002550144428485947
ck_b6527a85fd682554,0.007688878914256532
ck_11f9390a11ce9ff5,0.02107850790485731
ck_ffb4d892c5158201,0.0005781921817498955
ck_d4c1da5a1427fd6a,0.025564546140841582
ck_2c041b1efb1c5063,0.0051558707072031995
ck_ecc18f40b33be769,0.1147299678576356
ck_0525349f3945375b,0.039756356218498136
ck_0bfe62e0c7eab9c9,0.006625665907866188
ck_b7c37d410b1646c2,0.040932149315230086
ck_4b15b0746318cf42,0.059549697309199935
ck_e5ee006ecd8ff661,0.023299265009897624
ck_ccc83cf66365357b,0.014071184396145214
ck_34a33ffe8339f66d,0.7491376528484376
ck_4e39e3b165edab58,0.7524932902394431
ck_1a71f8081ae00190,0.9658059090887449
ck_ed8f1200fc049c40,0.9949131622211101
ck_8a5a57858e8c77f3,0.02411697662801354
ck_fff9fdc2adf5100b,0.8793486331693913
ck_c76f1bf40f3b787b,0.0003249095669925456
ck_1a6ddfeef82b1b1a,0.012056645802215368
ck_478d2667aa9896d9,0.0032587483890385515
ck_641c8e7694b21f3b,0.015203194394562164
ck_293581d879f6663b,0.5001352099057503
ck_1bfa8abdb22be8f0,0.027177340032743788
ck_05ab5b03d0bf9ce4,0.110725493298251
ck_35694db37f0cde7a,0.0003300421078347232
ck_fe33eb743d714c03,0.011460764431922421
ck_abd10fbcbaf2b038,0.003048538517949803
ck_46d51648c1bf80e5,0.10254815446450488
ck_5c8390017fabfaef,0.0188139419575184
ck_87d55ca333f22072,0.00042906386097646946
ck_c39c6a1453e2b92c,0.00027406421683633765
ck_69ff1b0aa143a168,0.0011581847895628036
ck_e57c79eaab35ded7,0.003781029369459682
ck_463ae759e2b6ad1d,0.008416806640653201
ck_0dae4a7eb587f3ba,0.02382543953127711
ck_9b12fb56529ebc4e,0.013069776618680312
ck_1af547077ba2dd03,0.16138946935191403
ck_de13de941bebc7cf,0.0011151120020028438
ck_83dde7da2bf647ac,0.00047946885114023824
ck_c80a94d4660041fe,0.02819118770148234
ck_f39cfeb277ef6528,0.0008503949531839458
ck_1cec1ed1512a2d3d,0.0006819156073254127
ck_7955a359b6448799,0.0007131424120435107
ck_8c0955dad13c3ca1,0.0013557004464104575
ck_6d4cd2de601a2308,0.02401268495099966
ck_f4536ba8dd2d551d,0.013037376491648453
ck_b379c198d6db2d62,0.013626945241513228
ck_76ea90ebc74bcdc7,0.011552059824058901
ck_734f06bd4aa92781,0.03146846824330929
ck_677e1d0c14cbf569,0.001294593761131256
ck_259271c70f3fbcbe,0.023341693629238436
ck_c0b744eb9e7d4eb7,0.019685402939337213
ck_3d41faeb96802f68,0.0014904157132795256
ck_8f604fa70fc3c8e3,0.006153487597152482
ck_0b3c3bea0e0ed339,0.007087148280357687
ck_be5df076b8a86409,0.001540122105272176
ck_6a475fe324d7d790,0.016980105942424464
ck_3ba3fa5387bacee8,0.00035094624038467135
ck_324b9939d9c1c31e,0.006804824137154406
ck_a7fcf7b592f68ca1,0.04541316113844642
ck_5b2728f7cca414ae,0.0002938053691035566
ck_5f4a25ffd0b85a47,0.03153357765379355
ck_63d4f5076fe4406e,0.005855602579021942
ck_af528d66c86f0cb8,0.8715531566388789
ck_ac7cdb9b8da7b5dd,0.011231776693668385
ck_3bece63711407e25,0.039493312165914674
ck_d4e0b2a12fcfc35e,0.0011305115158036197
ck_ee3e7c9d3a9c74b4,0.10196498626556705
ck_50d7c4dab837bf66,0.005306232379137549
ck_ebcb93a2990fc914,0.0700731359067323
ck_2329cc9702cdf7a0,0.03959818949186692
ck_db1fa53d588bf99e,0.010798401452900229
ck_44e57a0bad5a0745,0.01900054126326931
ck_472c81a144f4631b,0.00045693153084980204
ck_1658429acd5306ba,0.004539261416592129
ck_466103ec5bd9444b,0.006042017922370295
ck_9757163e25262b74,0.01448493124383786
ck_34ed59bc2c9b0186,0.010847117669146611
ck_b7bd3a7f263f4f29,0.02842861144345253
ck_149662b09d632e41,0.01609797682023285
ck_a9ffd6b3957bd41e,0.0021646189011070346
ck_ab80466ef615e85c,0.0007934567536003928
ck_f2c824d3473db24c,0.006748880986187443
ck_a4a01fd45936b078,0.018556981145864227
ck_8f6ce158c2902877,0.0010186449056647316
ck_5189a302cfa7cefd,0.00023831786994181343
ck_430a3d03be588201,0.004498677400338927
ck_b5f9dd00914b4db4,0.0056826630568792705
ck_52dec82e9cf6135a,0.003240105638986116
ck_95e444a01e2ab4a5,0.02967422396786185
ck_e37cee7b123692af,0.013640174397864519
ck_d68d42858a55adff,0.058093837134769656
ck_3abfc010091d679d,0.014282996172730253
ck_cee4e4e1b62bf82f,0.020905392042051385
ck_9ccb17c35e636c5e,0.004249966994668108
ck_f72a5a3b0d6c1177,0.0031824561013750383
ck_7508aa554fae6afb,0.04225623897495797
ck_003aa842b7ca1d77,0.19845374102574162
ck_83b2b192f41ee2bc,0.16667058194394876
ck_64796b6b2c3c7f06,0.015342287503000485
ck_6438ae81d43cb196,0.0018061945009765848
ck_2bd73d9098504760,0.08963935008110718
ck_aa8b9b36a099e4c8,0.022186686369404324
ck_e5ece47d0dd10526,0.011174662016316457
ck_16077ac345472e6a,0.0012896593150282286
ck_a4d6e152b0076964,0.006864858136865634
ck_d90b1d03ae151f62,0.026528852383654183
ck_18b36d342b530af4,0.01880598458087601
ck_2a01e610348b84f8,0.01239238408566092
ck_0a93ed76bf36c8b6,0.00675119552041499
ck_3d56b477fe2370b6,0.031380737310151306
ck_17ab3068fa303682,0.0011405784136124416
ck_592a3520d841d11b,0.010381579154486904
ck_84d07028b5fca2f6,0.04070234077101877
ck_f4a2bb10afa85743,0.0010751140656384097
ck_4fe4b072f03f2c1e,0.0019119574720472942
ck_9ad08fcc183ea1e7,0.0009256428951665141
ck_130d3848b9dcdb05,0.006968334439175391
ck_bb399ed6bf28c230,0.02483671245082027
ck_a31a64a39a2c4941,0.001940136611797827
ck_c49f25dfb39909cf,0.009191680097995505
ck_55f50a9ae2db8ff7,0.0012341313168644558
ck_09faa4e771cf876b,0.007815930340148157
ck_df520a7a6e405889,0.015139947431559095
ck_8c8c98cc694ac900,0.02618271325896504
ck_7f0c4f609673ef62,0.00568923139206277
ck_f51fe59cd445d2cb,0.008176737977113385
ck_b3fb83f0d772a831,0.004061683326702938
ck_d6e7e257751c299b,0.0007938396212155192
ck_0d362ddb4a1cb6d4,0.020047233187806737
ck_a574a08edaf81781,0.006701993456394404
ck_a823f5bcb0e4b9df,0.0009944046033579807
ck_f792586ad0381eac,0.01797285072330085
ck_54bfd70022c66983,0.0009002588529165243
ck_fe0a9372c9372de9,0.0029929928732500524
ck_5691cd6fdb6d8147,0.0044100953970819725
ck_a95f212a02433d23,0.0019475881939006606
ck_f5adad75e1c06731,0.056773973335695616
ck_e09c97520eb0533c,0.0144964328984376
ck_a1e13c0d58560340,0.0005977329095416314
ck_cacc2ca410cbe80b,0.024287281304349203
ck_c0dde2a6ef1e08c5,0.0008511951818814508
ck_a04403073c90ce38,0.00027756788488256083
ck_03d3026107175dae,0.022290179001528927
ck_50176dae5b1b716d,0.0049503978959269555
ck_6c084bfcb38e96c3,0.0396790307252115
ck_36d2be9012f7909e,0.03493060466585686
ck_958acf84c6137a22,0.031006791674301825
ck_114722e12db90a73,0.004988363054881703
ck_203c2a22c0c165ac,0.011682004889877473
ck_2c44ca550e5cfa82,0.018336970515466018
ck_df0a8f20ab8f14f4,0.01450989021943834
ck_826a27ff7555192e,0.018814426286158575
ck_09a988ebcf062297,0.061428521941459
ck_5c82444b3b9160ae,0.018987723186231088
ck_f6a4a7ed27fe76fc,0.08222999765831034
ck_17de46314b5c6a92,0.007020137035446472
ck_335e63101b1e6c4c,0.09896116986823587
ck_c5eefc0697451de9,0.06782082083817814
ck_49a0efb5d4067b6f,0.33380218572201853
ck_c1f4509c8f5dac5c,0.007300333178976344
ck_57658eda1c59bc52,0.0007906493579030302
ck_0d5c0736ec76385a,0.00033358008034133367
ck_e0239e6ae30795a7,0.009959125460173933
ck_e4459115cd8e5e4f,0.0033616905023332116
ck_bb4aec09d4968dda,0.06747540639165243
ck_a1b4c96faed3e0db,0.033083543205096176
ck_8247b79ac67aae7d,0.030249953327151056
ck_fe2fc7d6e5d83f09,0.002943405948609651
ck_f6aea576cde8d592,0.0004095414542579093
ck_b7e7f7d0cd886412,0.0604176616865801
ck_ca7b993e8286af7f,0.6121133645350075
ck_47de038381a9cd65,0.018334625434840886
ck_d38f941d09eec820,0.024378289683575527
ck_d9ba2a6c0d926b4d,0.0044188294048716536
ck_cda72f597330d0f3,0.0020368779536207604
ck_16d2d27fadeeacf7,0.004637208140150222
ck_be05447853d423a9,0.000578166415247759
ck_cd92852d7376a4a8,0.0004357915596819491
ck_2faf7ecccc9fec58,0.0004192843281166079
ck_db8733fd92f20cd7,0.003680367416038114
ck_a9989a3a94c26634,0.009443809975482867
ck_957fb25437c75e41,0.056417193460932734
ck_e6a6caf6e7de17c2,0.0032044058763402196
ck_f7bc569b37e8bdda,0.015002993840838025
ck_703b375dd86a6124,0.03828803667262898
ck_d3cfb3603f2c6ca3,0.04287257971605571
ck_07cb2b6f2a4303e1,0.01758450671766796
ck_31631e2028d4f855,0.009366464345728102
ck_1631bab0ba1256db,0.022599377365236147
ck_5fdafeaec036f016,0.012608229781855907
ck_6eda4c36aecad602,0.0039067727098756316
ck_bd1bf9e3e29de281,0.07422724667662069
ck_bf378ea558a4125f,0.5675839033805509
ck_7aa2deeda0e57412,0.9668718775881437
ck_d229cf7f5a3f38ca,0.011916202185520468
ck_9e109edd124492a5,0.001869272869220567
ck_779491819995625d,0.8581509566785096
ck_b89c6fa2ad0a12f5,0.016259461639534067
ck_1d01b4a609918c4e,0.928936634875631
ck_714c5d7cb17bc9f2,0.002294407991430549
ck_269f1746f2609ed4,0.004805148498163425
ck_4be03a2aa62b93c7,0.0003513287913319353
ck_cf920313f6dd28fa,0.01766281793803282
ck_fb00aae4e17740c5,0.00534304794419684
ck_085d8c42739e2b10,0.9962150227250062
ck_c72a7d0d03cf3e17,0.10912038636938294
ck_8f6ca5d3b17eac6e,0.001354056656991564
ck_d9573100bbff4014,0.284702119318158
ck_79d6793d1d0cf43c,0.0005242114141815593
ck_91fa5032f7aff0f1,0.27073665370543365
ck_87110d84872c0fed,0.014684145024418912
ck_8220da627e9992a5,0.001152345182806494
ck_2ae44938847f3852,0.005553900985718874
ck_b0f191e44f9b6f35,0.025799171802346657
ck_3049d744b527f4d0,0.008993491414541996
ck_47d3e8d1dd3fbcef,0.011221133371693705
ck_ddf787359d2b5deb,0.00047046931621305514
ck_b27a9e39726b26d9,0.001368310034168943
ck_80c4e9274cf976b6,0.9956965944411739
ck_c6afa913168ce8fa,0.003251228110710363
ck_52427b3f8478db19,0.018954847253081875
ck_3b810f15ca0eaa55,0.011732142019007597
ck_0c9e420f97baaa06,0.7642625248948519
ck_f8540cf3a8b2f8c9,0.035711556625739
ck_1402d24dd623df72,0.004704864267564168
ck_eb4f4267e24d042c,0.0027621239174636437
ck_6f661b428d6fb8e4,0.012244260259710232
ck_519a26ecf3d29c90,0.0029371116945816262
ck_e886ba71d4a6fd73,0.011479284116702638
ck_437f9ecd2016a1a8,0.0023480288601335306
ck_f01af1b0c977cc06,0.01360348915572311
ck_614f777c2eb5d537,0.003694581972958324
ck_b804e784cde9af8b,0.005927513907083311
ck_c2dccbc1b24b137b,0.19640434880749993
ck_1df4a1781a0f6999,0.030842140004191606
ck_bd2cdd53fca26171,0.012071506920587718
ck_424c254249a109f0,0.005988314404006792
ck_cf2ca4f286e289ba,0.02640543692070581
ck_6c33cb15b0d8af54,0.009209921512720766
ck_311d395fa9b8550a,0.005321319024470954
ck_9f792e7e721ff7f1,0.0031209715222451084
ck_4c37586080edb7fd,0.0005073851294280483
ck_7c4f42c5397113b0,0.003980153249163338
ck_fc418f53ce4aa579,0.96656636354694
ck_1ba28fb7ef726ce2,0.02305625653585906
ck_d932f98bf6b83956,0.055595815887608924
ck_248b3659a9239240,0.006757596754495457
ck_6a92cf5f4cf5de38,0.019910617449644095
ck_65519d0fb137e0c5,0.001600803796256116
ck_ddc3fc99eaba2064,0.04028785033970424
ck_7310cda3bc65a73f,0.0020856139358998538
ck_c01c85bd631d4054,0.0036828567514365653
ck_b4954d16b9749829,0.03223114994532619
ck_f301f6758e170d66,0.02516064289891014
ck_9bf95f8c47e7c7b4,0.0084798389700239
ck_c91b7fccf6aeb4a5,0.04386710810218728
ck_785fa45e86bc5e95,0.008500173270952668
ck_2a65f1cc23f1180e,0.0011074760039490308
ck_a49a2c1f881a3560,0.0012580610588507997
ck_def344d68f06d749,0.008671929091081132
ck_abbd1465fc730d78,0.0033360266184247066
ck_07a5610ed28162fb,0.01891501496050167
ck_7ecdee2d7127be8b,0.008169953488649758
ck_67858bc00e81490d,0.00027470898789754087
ck_b4ad165ace910222,0.005521449504834726
ck_30753ffe481a1b8c,0.6763712471873884
ck_c401a26725b17177,0.001092827578039633
ck_819988d8a7f26415,0.01427470667327532
ck_3364a1d9261b3638,0.0017951452295820694
ck_c484c5bda389bf20,0.0002713686150815149
ck_ae416325fef92c9d,0.9865484707439981
ck_5517b9a865960542,0.004838436874985402
ck_a0e96fed380440b2,0.0033071880182743395
ck_e83409471d2b0b44,0.02293379834851079
ck_127273af97d7827d,0.003492955478960944
ck_aaa9861c91bd14dd,0.007108155085728471
ck_a378c58294001a36,0.9585979263560791
ck_abb9d65ff1f95b64,0.015594219371470583
ck_a5ecbefa849ae569,0.014982517330392332
ck_aa9953c0ca2bed7b,0.0005293638132498011
ck_40bc6de252865f32,0.001982686598356263
ck_9fb11688dcfe1513,0.005781974436629221
ck_ba68841ca2ba073d,0.012826311691733788
ck_1d3e561a7d20be0a,0.9725016692163385
ck_99a92d710a29c1d0,0.0055468379236762845
ck_ede2e887697ffac0,0.0006503046565638023
ck_e6de67c0d82a7b83,0.014960908639284648
ck_6b38763bf5ddbcef,0.008569784176624044
ck_8dd44eead7d765a5,0.028761782411126178
ck_30bf5b0056eea9e9,0.1449312511204682
ck_2981d16f8a51a8ed,0.038937522941929224
ck_fc60f42c68c7024f,0.09786929612012059
ck_8e2b2251ee224aa4,0.037627287274583955
ck_1906f0dfaf6e9bad,0.5329595723951107
ck_dcbe6814fc4ca0b4,0.06624247580378892
ck_f7e958a286ae3b57,0.004503717064361967
ck_713649668a7ca824,0.01761242530716119
ck_6f73cdbf9305e2ea,0.03669283521131344
ck_dd1c490050cd9051,0.061327299064029055
ck_e30db36e376606f7,0.04617124746153805
ck_740d8fe8028b5a2e,0.0060817797117171
ck_ebbc9418cd41f692,0.002022233517109263
ck_7b3cc6cc3f250f39,0.04844716604124862
ck_1d30eef7110809e5,0.1682768050834453
ck_77e0589ab339ca66,0.002016741755329512
ck_15ccbf8ff7d14086,0.021373816981520386
ck_246989b0c288664f,0.033284880057066334
ck_fc2a6e27b10b10e9,0.0013083983146730531
ck_8afc1112c12f5402,0.01643297369737654
ck_a76e8d83b9141364,0.024490148872886145
ck_51d3e8dd7465c015,0.0031234001089917485
ck_e7b4016909405981,0.0004013813944815522
ck_e7a3cfb9bf908e80,0.022966719390760545
ck_2bb49dc2388cdc1e,0.001155366333465297
ck_94f4266ee7871345,0.002738899933166433
ck_b2c896beec146477,0.011531402238913606
ck_fcf5d4a4748cdd53,0.0023748403086525996
ck_fd0483639811f62e,0.1258936022439288
ck_9a21d183524734aa,0.05489489992756306
ck_1df4b46c0a4c317d,0.02574610626416514
ck_638df9e8a22dfe0b,0.010806364877894215
ck_65acc43a6dc3e65d,0.002933411321701737
ck_7c67b73196e3d0d9,0.006338780337526775
ck_b0ee3a98175b462d,0.0009508219065852119
ck_20fad010969f1abf,0.0012960674921308351
ck_54b087bd873af8b8,0.0025240226125372175
ck_8007824431fa803b,0.001089221924119757
ck_23aab322810b9fec,0.00677145508403932
ck_c8001bdb9aafc8a6,0.0069001525410266225
ck_3a34c3ac83cf84b3,0.011899535699048088
ck_60187ac2c473a662,0.9894328664523657
ck_6a0ccd7357979f0f,0.15619766062562343
ck_27f20337bef5ffe0,0.040577987645065726
ck_f9fc468915afe49c,0.049849268438150074
ck_1eabc15a94bd9009,0.010964176549089927
ck_26896c494b2768ef,0.0113849420619528
ck_348c874eaf0354f4,0.005277036300864585
ck_be9c46acd216b45d,0.017521084615413116
ck_a3cce46d15cc20a2,0.08745502342307905
ck_70804f60d9704128,0.06730243721631875
ck_a019151ca8e7527a,0.01701078972355328
ck_571133b2aa8ead51,0.010114814955923444
ck_0afa4449f20d5196,0.0023565272152329332
ck_4d503c41cf4e5034,0.0183022249347608
ck_d6fb9cc5171e3e9b,0.681239502824026
ck_05ed92a7c3e10e5d,0.026442045842387647
ck_bfb067986660afe3,0.06281969766588508
ck_c1a31690c8573226,0.001570755516474567
ck_cb88ef3dc1f42225,0.0010079828694057786
ck_21e3b3bd998745e5,0.021613143861304668
ck_cf52e46fa54e4540,0.0005836118455573596
ck_b72c7ac4208052ab,0.0252705786052913
ck_e6465c56b337e6c2,0.013830841674400823
ck_5f87eb05d18186c0,0.004624684940976659
ck_263f6c5ff26b5e98,0.0007574590420048978
ck_e0b7e2c0bbe228d9,0.001965653941223822
ck_b657ae3c146cb7bd,0.000987532587195258
ck_abac514d8167ea58,0.02516000833317952
ck_024dcab126876002,0.021258592998591227
ck_5d8481e2b38bd99d,0.007245128613935084
ck_edf229c17d25dac1,0.16988580805655196
ck_6cb7c97b72d6b5d3,0.01257376002623943
ck_c96ae2c28086a059,0.017907507685416824
ck_2f241b97c0f8389e,0.007931275879999805
ck_9158bdbb63ee8987,0.008224110922995763
ck_e7b40b60786c1530,0.006489366110672824
ck_66d38518f68e6194,0.0002691052047217465
ck_8c9b57ad2a991416,0.005603863159911342
ck_cc91bd7152d3e9ba,0.010884576119064293
ck_0d846660c7957a88,0.003231523366542414
ck_60896cdac2212bea,0.03422249358378667
ck_dc4db8b932df49de,0.1067332480002452
ck_2dc31db181150e20,0.005831664321105957
ck_2f138fce1171e277,0.007456199181705235
ck_68b8b859a6ef505b,0.011739683890689042
ck_c3fe0c6c5e1f40f6,0.0032368114202551853
ck_15886fe84866de92,0.03320233011130152
ck_ea269b35406473e8,0.00036065881066676833
ck_3ce7cad1f69b71d6,0.013617111934000259
ck_054ed4288ee58d6e,0.04259207251589959
ck_3d4913a86f207fee,0.043737586546212015
ck_23ff85f9d2355e8d,0.0074247852239964435
ck_d87ab3261322216a,0.00018113288228788693
ck_fac046ce336fe39d,0.004974322896915057
ck_beb97e498e6cf8e8,0.04211987746908943
ck_1f517e0ebf397b51,0.0037042200909035345
ck_0af57ebaa45877a1,0.0018167075643209217
ck_f99bc1732ce5e999,0.011043597155331547
ck_abb056a9deab275a,0.029213799432593557
ck_0bfc394c5faa65cb,0.00643045164672655
ck_ddc865af1dd5670e,0.018213920294123966
ck_68b5542459638b56,0.05613836446903397
ck_0b1d84252c0b46c2,0.0065142722520992805
ck_520ec32c4f253604,0.027649971337790496
ck_79ffcfee599d77c7,0.009771237348576912
ck_eb224c0fd146253f,0.02243667835974304
ck_0e477084434da450,0.01567391454034647
ck_07840bba5570785b,0.01605621573601813
ck_6b67fe8e310ab865,0.018266878852070057
ck_e2a1068c2fa22525,0.02300823187948838
ck_b9c6b32f6bd92a3c,0.004099792868575966
ck_c1e7d1021ae58f00,0.0005536824195006907
ck_5d7801201749ffde,0.019858830225134513
ck_c8806749e263f70b,0.0005005955101384877
ck_c9eeab826781dc91,0.0211484286164498
ck_309a432c160a17b3,0.012475779411029292
ck_b22e3337b8e3dbb2,0.003223217352469955
ck_79c30169c71b8033,0.9464035455668909
ck_5a6593d954085775,0.000414950839204583
ck_70b9b79ea1aacba8,0.011331711585446378
ck_63743141ffa11f45,0.01912937085494029
ck_dfd3dbd0d97a642b,0.008824764475741534
ck_635646a661f05b4a,0.011788094879760532
ck_4b123d6931b6d0d7,0.36461899723105756
ck_f2b0e7a47f442557,0.9054725392144768
ck_1b1df006b81d38ba,0.008277356747979086
ck_360237c1bd30f4bd,0.008848841364443137
ck_5e84bca0e362da20,0.021220243512322424
ck_142dba210ed2f3b5,0.011994146735039088
ck_a3564236069e3524,0.03690016231332676
ck_cf36d8b070ded782,0.010472437241167898
ck_ddd6625c5eddad70,0.0005198235057925254
ck_ad54292a0b2f44ef,0.007687747290424325
ck_45cd5ef6b359e9b4,0.00472787257622198
ck_982c2392238b7be3,0.16067384339406102
ck_083e4ac78685c3bb,0.02186329194429305
ck_729cc0b46cc2e546,0.11480472560220377
ck_f2b8995fe5402759,0.0026753271187175214
ck_73e24f5a8da289b3,0.047470153794359905
ck_bd85f30c36f5998d,0.03632135828429015
ck_ee4ff3aeadf912c1,0.00140677171906993
ck_63d2978706e193d2,0.03630822135950935
ck_6a0684436a1e66c3,0.7757626856037413
ck_182dc4a2f5a366da,0.0002747683475175109
ck_e6fecb82fc2a82de,0.0057566256871518775
ck_cfb06f07394dfe64,0.00022702364192622184
ck_7bbe1dc8add17ef0,0.018818032964488012
ck_5cacad76e02c8e3d,0.970492419377251
ck_ca68dec0c7df5a12,0.0033121057430058644
ck_e4c0fc52c82065d3,0.008991225486934531
ck_f9197b070416f443,0.0034780062036963238
ck_2a07c7021b71cf65,0.027115286167681135
ck_4fa85cebf707de2c,0.0004273631644616882
ck_0063d2a9507467e5,0.005073435097125885
ck_ec986285fff05b7d,0.0011592867906048685
ck_279d43303708109b,0.013557061463526913
ck_a406bf11e48cf8c5,0.0574901172075074
ck_064b2aa3f0bfdb6e,0.016819186506446933
ck_95790440bc4bd2d0,0.019565458533156416
ck_70066eea13b4c34f,0.006321875651300073
ck_19468fe07e26f992,0.954646703490002
ck_86bfe328e0a533b9,0.6924101775804304
ck_ace3b96c977a7560,0.032474623004603055
ck_642344e5c652d8df,0.02031330347143693
ck_074be35c951ae10a,0.017641297995724795
ck_f14dce41036486a3,0.9948580561028052
ck_5cf67a3a747e684d,0.033811431082603614
ck_f7285b92648c1c81,0.0006694697236672044
ck_bef3193f124fca5c,0.17119460680425758
ck_05c4dcbb45de1f8d,0.002589269650867401
ck_d7c28eaa05bb7144,0.002689150612568332
ck_320df984791a1b99,0.000701406408973325
ck_f45bad1606fa00a7,0.006593875798879624
ck_6f81c199e986d9fc,0.00957712087575883
ck_d0c9633fed57c344,0.0058312134550611095
ck_a3c25d6cc7478068,0.019457913636607482
ck_4185506d12cf9fa0,0.0011361763861598231
ck_7a02ee1bfba7353b,0.015167943340460515
ck_1b52590757c0fbeb,0.05796756957671682
ck_a0e5656e1cf9cbf5,0.0031902625880644614
ck_ace21f6daef94f6e,0.0038366750909970566
ck_646d8d0834782d6a,0.16318775210273534
ck_1f136a4476b5e775,0.024896698386122438
ck_325c7643cce02da3,0.049190441335363766
ck_9b5e7fe28208f5d1,0.004348000756143253
ck_05d81b1a150f31c5,0.0006738316596295405
ck_0e9ec486bff403c5,0.004593014451171777
ck_ee13c091bc379188,0.005021193959319121
ck_f7a7f8f5903617c5,0.006319563764339651
ck_96c3a3517153390e,0.020546607318106088
ck_538dad7f096458ad,0.003355484981380462
ck_8758fc6622bbb7df,0.020558169793024095
ck_f7e53af3c91fec64,0.01781468331023798
ck_80b50fad7f255e1d,0.00485971561888589
ck_9645e7adc08631b5,0.04812746984229404
ck_e007aedbf37d6ec7,0.015425648841788113
ck_2951d76c41de2569,0.1552409020461364
ck_9439bff87e616d4a,0.0107110822803435
ck_a73045e96af0e4fe,0.01953043974351867
ck_7b382e533e2e925a,0.03255858040466587
ck_730226c2d216cacc,0.003827890346866022
ck_bdf837d761a7cec2,0.17044627588848482
ck_0b34197335ba3341,0.014157302903991193
ck_49170c4b31a20f5c,0.0008852042350600424
ck_cd553ba6589d8bfd,0.01323846619098175
ck_56b992c6f136fa5e,0.039030494921920345
ck_8beae3d7328fa41a,0.024565094204895412
ck_1a065ea906ae3d6a,0.000610298078197626
ck_e9e3381d5e0e5051,0.0009056783984124116
ck_a6d4f998dadc90c2,0.859167315374075
ck_d36733da917115a6,0.031738307711697576
ck_e738e920bbd74a7d,0.014305500828298257
ck_af65eb885a51048d,0.0004012218206057014
ck_73f4eb09af29b1c0,0.032874113610163215
ck_8fc641b1750a2542,0.06770369301453201
ck_41b954c7a948c060,0.0024569642247929515
ck_25fc3010e8a0f6d7,0.0032499043474014306
ck_a2624e0387974e0e,0.06448761162037057
ck_5cb9d7b2329d5ab6,0.033627192104243274
ck_6c83aa1d100a7cd8,0.06357972429511086
ck_67025c64588abd1e,0.0012701430793009482
ck_f5dde68f6f0468e1,0.0003504720021584389
ck_46bfb2cfc29a6d2e,0.02362295933094263
ck_49dddb894d33f6db,0.05352230539551598
ck_f738b633b8862d18,0.00026523294156789896
ck_3d6c3c00d854f5a4,0.13334313004406853
ck_cdb8061d8d1a6c5f,0.0019144534103122284
ck_5e1b81848718bdc3,0.020123234233888797
ck_8def763034187436,0.045125403821079844
ck_8f8e4fb9c6190272,0.0016597294835938555
ck_368b968b5f33431e,0.00150916747005073
ck_ba7e347251ea399b,0.014303005182398002
ck_9075432001a64e75,0.00678802352767788
ck_73c5371635aca173,0.7113903082881845
ck_81793387b38047cc,0.002134243748953792
ck_0cf220816e320ac5,0.0011128823526251766
ck_820219bb9c761b52,0.20305295942131096
ck_70a932ab39d86a24,0.0006323372268034487
ck_2c4be237a7ed79c7,0.0009707902239983575
ck_acc764b49ef02826,0.07719479249744247
ck_74c3c3452e4e7cce,0.0029924915652943984
ck_34dfb57e5bf31d2f,0.014281607135224958
ck_6ec39903f765956d,0.020173968547450825
ck_5986119e7d81e831,0.012056694562071195
ck_2ddfc948b8eac752,0.12954128051333277
ck_921ff5ceaf40a968,0.06920594993019301
ck_fb3b68b4424b5f92,0.06907059629147953
ck_c3db1b3ad4f16679,0.0027995110332021925
ck_124a197be41687f5,0.04692593698932954
ck_c58d9151834f5bad,0.01131283288334333
ck_389607982eb6b701,0.5438913159524764
ck_fb0c138c003e933a,0.0008254229595558777
ck_50d0bb7edd8c69c0,0.030049860831828173
ck_c6cb651149dc9a8a,0.0014642368379126807
ck_81e21354e477eceb,0.03368944767969086
ck_7696e38b3e4197b0,0.002591648083901863
ck_586001d3ed9e7fbc,0.0015622289103196928
ck_bba413492dc46f2a,0.019776788399089782
ck_95b894380ad2702a,0.037263379510029004
ck_277621473369614f,0.9989259157245133
ck_a50621b5eeca84b4,0.0003494705407893488
ck_bfa7ba218b988cde,0.07056890988441593
ck_5ea89567dfe78e4b,0.014123073324887105
ck_6c679602a6476ab2,0.0019306321719347135
ck_d3885e286b3b11d2,0.015731544363463273
ck_cdcf6671b37c9c92,0.010520413320364729
ck_b5c93e6d34f8d366,0.0018271488051617667
ck_c24f61925dc158d5,0.11006027510215692
ck_cd09375e6c81d2c4,0.02327931501371978
ck_a95afc7a00303a26,0.02560284569310772
ck_8e89ca8b39f3f8ad,0.0011696793331990377
ck_9a84b396aada3fa8,0.19359953724284862
ck_5124a2e415384945,0.03505113714328958
ck_d66bb1f063357f99,0.004072750197888711
ck_0fd9312411b0ac55,0.016365564964472556
ck_ad8cbe6e27e47ede,0.02040520436550485
ck_8398adeaf41f9cae,0.013996256309464402
ck_dcf851e7bb5855d0,0.0024928878645875843
ck_9affb0f26776b642,0.0010644191507012686
ck_f0424b3b36bdbef0,0.06277846679517986
ck_66746d1090d6d9e9,0.0005060205821261369
ck_e5f8c8a5824db594,0.035248376795100685
ck_3e91dcc209431984,0.03542575799149016
ck_126a82e8d42e5ce6,0.0013047028736912286
ck_38e4a74ab256e2eb,0.008345155874858472
ck_1225a97fc413a419,0.07452793286755315
ck_9b5ec0f78e160e65,0.001289313088858765
ck_7c5529bcc079600b,0.023139128445907656
ck_29640fc2fe81c251,0.8444958829430993
ck_160e9ba0a3f7c1fd,0.003890579789154779
ck_bff090cb4ab76b9f,0.01145943158548766
ck_aa06ed358e43db69,0.0377299633174426
ck_7264486eb512d84a,0.0035358250725914067
ck_f5a32e6160b28379,0.012202504126258729
ck_4ba8bec14c2217e1,0.0020384486258031363
ck_610815786d729d2f,0.007096471615250168
ck_e267999226b6321b,0.0005746012661364702
ck_f3996a3c8eea1ea0,0.011218730206663067
ck_e9b75ed7567a3f23,0.02174578535263147
ck_d21612d48bb4f7b8,0.009191745399942955
ck_1f871df76c6a995b,0.06331182938548272
ck_953bd5de48ccd70f,0.7940977157122454
ck_02a9104419a6dbaf,0.009403607541301977
ck_1eeeee651e05d535,0.1106911505324784
ck_e2ab04136a442a98,0.002065805204278522
ck_f0d806624ef3d359,0.023533949647983013
ck_4b68b38c1b3326a3,0.004875327681271138
ck_74e60495f8861156,0.018635388860970218
ck_398f3f4cf05c721b,0.003815052707287707
ck_f761b7650a0c1a85,0.004174933101249931
ck_7dadef33f5e2d94f,0.9434820512561813
ck_6ff6883633b8c7ba,0.0004238867085581776
ck_4d2159603045109e,0.00736946730021294
ck_a38bd07a5fac5c9a,0.0016863002330472802
ck_f517f06551e69507,0.0008981626081965405
ck_a7ea00a1760ad561,0.9934215822403379
ck_31fc51d5a3dfe16a,0.02926980036613377
ck_bac5233623b25ca4,0.008257699955137551
ck_385188ab27784fe3,0.07712968368876386
ck_9947a323bab5cacd,0.15747637024668684
ck_7973edc9f22ee7b6,0.033898449502213636
ck_f97c477986043755,0.003009812483146081
ck_1a3fd2cc4b4de196,0.009217945617617454
ck_e18ac29ea62cb435,0.06268684827674499
ck_9720a472a3e0140c,0.0017845064553655948
ck_668c7fc7d7e47c0e,0.13168769704477737
ck_214af0806470ef48,0.010238089532768375
ck_a46c1773f01f0be7,0.21202130052425194
ck_f2bdcfb4203ffdee,0.024134832135201203
ck_40e84e6ffe788a4c,0.016171366837448197
ck_dfc6f5712d8d6678,0.04835538297741231
ck_01ef1036b2e66a4b,0.002436094136667205
ck_3acfec10eec32f9c,0.02037313878992709
ck_084a85145c15ed77,0.006457863199129907
ck_fcdb4fe2f095fba1,0.10100725111944973
ck_023908db0a193076,0.0939286612957508
ck_fec0ff92fd622253,0.0066839750778907485
ck_c009c97d5fafbced,0.16025229528717685
ck_eb9f0c06ee017ee5,0.009080341542886498
ck_d7792b429620fc24,0.0025609426421843375
ck_5e9e149a3b69c726,0.03724188115942223
ck_ce927322ef8f651c,0.012270991430536608
ck_b8fd61a8e82bce32,0.9628872577140846
ck_9aafc33fba1474cb,0.00319211061466758
ck_ce81ff9b8b35562f,0.006964502289960436
ck_25bfca1d8eaa152d,0.006651668936768271
ck_170c65860e2a7e23,0.002347179137344216
ck_952da7ca9f33decb,0.009011841060081035
ck_1ebd574406235957,0.008523514854244782
ck_589109a188adc2c1,0.0018084028793655374
ck_f0cbd5383bb07778,0.053275326542076694
ck_242521e261148fba,0.004534153189809746
ck_509cece86a558de4,0.003072424077651962
ck_0dd7c5925d28755c,0.0017434239880945992
ck_a7e669cf1c3985aa,0.009968203601840064
ck_acb84dc2351eeb76,0.001040521598010099
ck_b837c7dac2a9b931,0.022191474335411635
ck_18eb1f9181f95df4,0.002395344651893838
ck_b0b9047dddb1ec84,0.9769430713350465
ck_43aa136bdb0a2832,0.175216352609235
ck_3e47f8c56c811700,0.00325463010062127
ck_77c587d24695ea15,0.017436352758367583
ck_20578ac693ea4e93,0.03135222262390574
ck_b9f6040eebd1605f,0.06791445387682281
ck_ca9d86f65cfdf018,0.003939791512155174
ck_a4fa8833995c716a,0.0036992429255046713
ck_f589f1e29301b5fd,0.011435542669743157
ck_961ddb8ff55d868e,0.0003385162102018486
ck_5662492a54e6688b,0.018332692722834342
ck_ad48826c1c26eb78,0.24243514446641945
ck_621c9ddde6bf2eca,0.021778073668859563
ck_417a3500b2c717b3,0.05091757320356557
ck_c7e129058beb3ac1,0.013667918153344038
ck_ec1c902b9b9b9c5f,0.0743926939177471
ck_317360ec0a67d27e,0.05598335726179832
ck_3e3ea5d8c4a229dc,0.058614630054715004
ck_d11d27de7bf0b973,0.1970483280564148
ck_d37d56e931105db0,0.008416150128979807
ck_4863077723cd6ce1,0.001228750218611441
ck_479a065d5903e9c3,0.001237835411310966
ck_e66ae4fd586fedea,0.001457460092909079
ck_192bbfd0d5720134,0.0012801294333364115
ck_3b436cb29af99f3d,0.014544514376374539
ck_7c7ca54969eed187,0.021293506669266465
ck_826ee896c9f1144d,0.12349877840216406
ck_ba1f6dd43fc8a0b1,0.00571235062563867
ck_49685deb63e4e8f8,0.009576805300335929
ck_687ab5d5554bfa79,0.020593527115106466
ck_41346ccd9242cc8f,0.0019428309599067953
ck_8f8e5e2b9dfec3d1,0.024573972117313995
ck_94d5ce61a0c50465,0.01330072223713582
ck_6b954c75aad8c012,0.027609705298700275
ck_748af92828c9d288,0.000678026966993877
ck_dddd14091ce812c2,0.018585549495791366
ck_723323f6870fab59,0.06362782651279685
ck_dbdf8d0708cc6718,0.010410332516214793
ck_f04938570a154de3,0.004008045929674338
ck_58afa1550b3b5294,0.017000112219243527
ck_3b150afde386ecff,0.04151828481398983
ck_666b95e75d99ec4e,0.8252211607247467
ck_e00332597cf1eb24,0.012572366395079517
ck_9a9e3dac79280d7f,0.125917326678047
ck_e8d37262e859d9a1,0.00597228792891454
ck_895bb39d24bc1c4c,0.00023565592829314903
ck_b367449195e36499,0.011552812431515845
ck_d23f9a50d1135ce1,0.1234680318943846
ck_670dc4910cf476c2,0.0007440348450996507
ck_3ecd8a5ce65e21ca,0.0027704864949296437
ck_8584fea2df4c6317,0.03739418660857787
ck_0789ff4562202b20,0.006668990485415706
ck_749e0e50c3907be8,0.0009625948341631215
ck_c3ff6790cc6d7e34,0.0016744794248068568
ck_75fb7e56432ee4b2,0.00297518011463029
ck_529fc3170fd11abd,0.04627728345685856
ck_34a69b3b4a681796,0.19449685966793484
ck_255f0e5888ae9e23,0.02108273573354479
ck_65be698386474170,0.000252274127614848
ck_5eec9ed855c26000,0.0014723715668077768
ck_5ab39bdc9610f6f3,0.3403639003678706
ck_1b5b75762f033462,0.015767072235521918
ck_d3e208671cf37f91,0.9659148279276112
ck_5068ee554ceff971,0.02650278466127104
ck_d7d50fb57fcb2d0e,0.00036054899012653787
ck_ba6e1115fceaa067,0.013691196166288727
ck_d07bfb16a4a7dac0,0.861990996220196
ck_ead68310311690c8,0.8147768272604442
ck_ee53ce862bc9c111,0.0175630736831011
ck_97e56e6037024dff,0.0009501615278128822
ck_80b04344c98ec072,0.007085205303961652
ck_5954f45a2ab45f43,0.002934243986616241
ck_18ddf7e836256e3b,0.027660471175589688
ck_89a1a780144d808b,0.018292764387808195
ck_a7331e8b808c39aa,0.10774467674001442
ck_a1fd0ad03ff9b776,0.027286388851850488
ck_c0cf50eef030b401,0.0007076730005203662
ck_074f20921189e7d6,0.004530878058650842
ck_e2aa7be60794593d,0.025403185220240567
ck_72771757dfb7f7a8,0.016478185050795197
ck_a9cd84a6dddfe584,0.01207550715785271
ck_142c00f9f8557504,0.04258129819245964
ck_221b5d40358230f4,0.012339425037602067
ck_a2d7a563f520b7ea,0.008644030077889374
ck_66cd34bc568d95e0,0.03003991201833788
ck_a17128972d3e507d,0.028146497257802494
ck_bda299466bb2136e,0.011589223318839314
ck_2b699066665abe8a,0.012745421289658212
ck_0ac9848bd4ba0c14,0.0008814991408638539
ck_98d2f9a6ba3a3077,0.8903283323780822
ck_a872df31b28a5f7f,0.16030431023349961
ck_7e73e1d44ce82ed9,0.004682097229072345
ck_1a415416f620d49d,0.0030059208532193745
ck_c95c786d2f8b8edc,0.006602887007261682
ck_e45012f22b7f91d5,0.002873133418494482
ck_aa0b083e2a6813eb,0.021844142604077233
ck_4666232ddbf77756,0.004222424876367015
ck_e08e9c8ec5f23d8b,0.009948760771598902
ck_31d4c0518e5f52c6,0.0021010361221295367
ck_c1ab40638f04cb02,0.011918995024749822
ck_4c1fdd1669c7cf51,0.0010699438354657956
ck_11662cc7940ffc82,0.05483051370107911
ck_2e679af24adedac8,0.0018576897752637215
ck_454b9e21b7f25a4c,0.0018371446088214182
ck_355c4f29089731e8,0.9037139084645358
ck_507e40760a24d2d5,0.021375761719795338
ck_0943e0f305078e34,0.9934941000986705
ck_abc54ed7111e9ed1,0.0014927948350309996
ck_a60fe02fc04407a9,0.12241746469493205
ck_244b897bb4d57c1f,0.007244300855378687
ck_8c84fcde93a04334,0.1348472824055211
ck_9eea37d2de633b27,0.003066566598279656
ck_b2cb9e6610eca967,0.008887881142506633
ck_09aadb4c41b166f1,0.12006210225825116
ck_8d94fbb4828ef326,0.0015764412692254092
ck_089e3a07abbe3b8f,0.0024873292514301783
ck_dfee9de05e3971cf,0.0038302722930826905
ck_6abf8302ce052451,0.11444165994885276
ck_6ffa90143838a4a2,0.0031210670350456556
ck_325caeab5c7a9c3a,0.0024032369246986367
ck_1964ee9db929a173,0.6963213542439455
ck_942b95988a6245a6,0.03439669662817867
ck_913ecdeeb8e21a9c,0.004663351277072809
ck_ecf9794349eb4b3b,0.036468818012704775
ck_b6cb8d6ae828eed1,0.03965532108513986
ck_2f82ea66c4f53b33,0.20800914991484745
ck_6e676daa4855b58f,0.06449392694630637
ck_2a37fef48b44e9c8,0.027163338203667977
ck_3bd12d468fdc2450,0.00773287989166672
ck_1a28b6a40a6bd3b4,0.049392479629103946
ck_61b79dec96d15713,0.000654242753111519
ck_31d5e3daced93d3c,0.0058623754942407486
ck_e6c8611c0cf233d7,0.00046791047648052825
ck_f04761b4a937ac3b,0.008113682814583264
ck_38c1c75cf055031b,0.03303824863399089
ck_59a561f3df01441a,0.02221640514967386
ck_04e40f556a5062ef,0.0020953931784132344
ck_8409716d174635b6,0.003186015427302133
ck_3019afee83342701,0.024228701806420738
ck_b51a58e7f032c9a8,0.018598471127505612
ck_5043e474f848346d,0.032449870007404104
ck_4388abce33ecd01b,0.5590721425937857
ck_c93def7392f0aff5,0.04086497259812883
ck_72e7b1acc19df820,0.002374680139001041
ck_f253130dc3ca5b3c,0.0024381739161065414
ck_eb264d1b180d4b4c,0.06902581702126981
ck_c2504f5a113433ee,0.0021840292762498764
ck_c16ab1e4dafb4910,0.22433074393509425
ck_4bc42878fa180991,0.0232773861394289
ck_1c771a7c78f6622c,0.02217104405197309
ck_d523f0e50a2747ad,0.00231666847498942
ck_9060f4e7ab7a1b0c,0.013434251424675385
ck_6b55ec4e87a5e22c,0.17603277981500073
ck_55fc62a5f89a7251,0.005671034365454186
ck_bd2545c62f258231,0.048932026447052634
ck_1ccdc69d0bb712b4,0.009462695372669664
ck_710f867a3bd5898c,0.003552516505222906
ck_f91d48c40337d375,0.006444128220971071
ck_f76d929541ed41dd,0.014211526406908696
ck_e26a6659c237b650,0.041662576267712664
ck_184983177b73dea5,0.0106614837242836
ck_6d0d081bfa8a0022,0.028099620863222752
ck_2f6e64f638da0f97,0.0011107188188310974
ck_15b93103ccd38609,0.006530219622961612
ck_094d10439b7b4eac,0.0022865814079152764
ck_d2ca47180a926ba2,0.006165299941765179
ck_a69ca7b9d70972bb,0.008280325337331846
ck_68914e67343a7d32,0.002918078253841704
ck_8176616132458c0f,0.0017655719675182355
ck_eee99af3598311b8,0.03133199580433017
ck_94410eedfca91304,0.0801539083061314
ck_cfb11a0a2325bff5,0.010070923407588675
ck_75217ee144b715f8,0.023242969417315528
ck_d56fc799542299b8,0.0005610200976772182
ck_4c352dd3e7c81269,0.03874791722130352
ck_e23e50e02cb3904d,0.03914178446274131
ck_b921af37d500e139,0.010502905801684953
ck_82181b935360dcbc,0.9962239881194589
ck_22a7cf3b99c5e5fd,0.01940316449850267
ck_f67ee7910d532216,0.01273764411761035
ck_5f48762a14a0326f,0.0026884125987816873
ck_1757fcb0e6e3f88e,0.06795743045200571
ck_2c2f080ba185016e,0.027723502862896248
ck_4c25570eb72711b8,0.0018329351305311564
ck_a3be871ca22ac416,0.059703246960838306
ck_ab70961e7c6695b2,0.0061991180342054674
ck_a1cdebfc42a52448,0.0007360743901389674
ck_f1b80b821a20186d,0.02719568274137207
ck_ae668e4564cd2aa1,0.0036204319923795053
ck_0e2bc3a5afa439d8,0.04532916798223501
ck_3dc378f37d0b74b8,0.01331298552864713
ck_9f9555197480d1cd,0.002951911946666462
ck_bf4e7d48770a4a8b,0.07863358942140015
ck_614ef655f0685060,0.6573247310041183
ck_04d2ea38ee27770f,0.0004986644928368027
ck_e03a9d8ac94161d5,0.01034816016060145
ck_d4007b5b26d9d854,0.0015141558203030862
ck_2dd147ce6d61749f,0.013051209675419133
ck_ff45764ea7d6619f,0.02615155138441574
ck_dbc487cb0a6c18da,0.9677249712174403
ck_791d5392bbd80447,0.0034617578344002804
ck_b4068439c413b150,0.011458829436066199
ck_85df7b7de9700aba,0.0006506764672930516
ck_001e42551cd06e40,0.004854485056842514
ck_a6c02ae50932cd9d,0.005106867902198841
ck_9fd0be2c018ff5e4,0.007391719472342671
ck_32a495128395fde5,0.0023728631464590955
ck_b6f2a2fd232c141b,0.012261227019457402
ck_28dde633692904b0,0.11375481453041437
ck_a1a93c5f375f6021,0.0012108977546525165
ck_e3982142336782df,0.03909974096399866
ck_a9812ff3c111ea94,0.03158873015542518
ck_f04062216f95fa00,0.04301878029496986
ck_7c560467daca735f,0.00020024003714589006
ck_76ee10d6e2dba70f,0.03128409841389974
ck_3521243bdac61178,0.006659877727349273
ck_28588fb03b320520,0.022787529075968583
ck_580dcec33ec232b8,0.0008141521493027247
ck_7109923fd7dab20a,0.013654576986929777
ck_7c872c99481c1e9e,0.008946490586928191
ck_46f4e1f5026f4d1b,0.0007344457383973717
ck_00d1ebc31ec4653c,0.15294169670559934
ck_aac70764dde15168,0.005423243372439158
ck_648c03f9aa4e45f1,0.0038999264855158256
ck_5478eb69ef912785,0.08811752978471148
ck_79b8523137bb2603,0.04240105937161268
ck_795c49f312640019,0.00023805802439760666
ck_89184bf7b7fe41cd,0.10234880629787639
ck_97d4bd922996fa10,0.002279537458855386
ck_1cef30d08f3a598d,0.0015795501370425005
ck_2f9fd36a4a40a6a8,0.00048298634119422037
ck_40780fc0f8d6f309,0.013453166583642755
ck_9083ca9fec2a7f4c,0.003988902949097428
ck_62081bc35aa59931,0.007239089604721797
ck_2e1b46c5fc56b863,0.07838707307686991
ck_3d139692c51b604a,0.10100316084576028
ck_b5e54e22e3d6960a,0.004427583412730327
ck_c0c4be3f44311b04,0.003834170019102199
ck_82a8bdd2692c2a5e,0.0008824873366559343
ck_bdd2da300b530c5a,0.007915067100611281
ck_ee40498cd97183d3,0.004036324955119454
ck_70b9274473bd6dfe,0.003348128180674504
ck_473d6314ea614b29,0.003981130867509535
ck_7443d6dca8cd1352,0.001317908454369494
ck_3b49768b448b071e,0.0042803378420460956
ck_b43f04431c267dea,0.0011812669152925497
ck_4424a5223ba2fe00,0.023184027227853548
ck_819bf3e8231f4081,0.021377828961218554
ck_91d417507a8c58cb,0.23742636536086778
ck_e88e86b19cada4aa,0.012611382748695422
ck_59684167f9c6bf4c,0.054493223800474146
ck_d5f5b0dc97b9dc27,0.006514525481921296
ck_13d1b192bbff8f32,0.025461231315458438
ck_b21d8630387cabce,0.002085693522340844
ck_e4ac22046699b99f,0.010319316347427943
ck_74b848064f2ff45d,0.00889663578174243
ck_166aa980cc87fa77,0.19387669466128873
ck_98e337806104dd88,0.0007024981582821266
ck_66eb09be007f0755,0.010816006191877425
ck_3ec9b9d8dd7be11c,0.028397992942422078
ck_8b8b9de339d75d0b,0.01834144091464863
ck_6715139e240007d9,0.007293153902018193
ck_a0255ab46e122d2f,0.0009370051125314732
ck_66e81a4190c33510,0.0068206573931026025
ck_5d75ea4f5c9080bc,0.1670365773069998
ck_df69858b8a8b3165,0.005429175219046013
ck_e15252ebd7553422,0.0020459499309124743
ck_34d6d74bb3ed11e5,0.0011781005827791121
ck_c2608f78f6851d10,0.8023772772383321
ck_bb99071e8f58c8a4,0.6268306697982357
ck_06010f0df5b7cef8,0.03229293257750293
ck_8c582eb0f6c0148c,0.004297974371520894
ck_0034d010d28aea78,0.013327744871115032
ck_01c1f06692566ca1,0.006182562952113845
ck_4807726e797fb893,0.020389305228883395
ck_edc9668282e3c8cb,0.017901094227550107
ck_5486768475af7bb5,0.8082943450315385
ck_3fb9813849e51837,0.017029904777233772
ck_861af5a9a9a6d619,0.003401636006610288
ck_da39653add0f1109,0.0017871991682207999
ck_74a4244eb1f162e4,0.000535000792414767
ck_9a930faade55b8ea,0.0013472868652994931
ck_fb6e06ca88519dcd,0.009116346351201366
ck_9776cd8263a9f415,0.006870357437076297
ck_b3dd1198ac5aea73,0.013168096918194977
ck_b6675a04df1a4276,0.0044444342091374
ck_5c7ad6e731b69333,0.35291302892142973
ck_28dc0fdbaec00580,0.2084554768960114
ck_8e7a32f7e3905f4e,0.02440516385767545
ck_8563fed6674afc77,0.021395943666295464
ck_9a2fcccb82da663e,0.005693758534070702
ck_6a519bdac0d94527,0.0004345643621816451
ck_a0dab7aa9c4a39a9,0.004292804614916416
ck_a3ce05e9e5e32142,0.014585106783449313
ck_7a7e40ee3f97c035,0.04398223504599125
ck_9e9a830785112a73,0.011705377416762752
ck_ab1bb02f6b189304,0.11568186839629346
ck_7b8cb0f90fbdc8c6,0.009975838538285433
ck_b138fc249e659e60,0.011993060271652131
ck_e73caa3771ec5e0f,0.0035648539532599373
ck_18a55b06ccccd88b,0.025220089456063133
ck_fdcb1d9265d8fec1,0.03701466196405098
ck_e21a900556b382ad,0.00735453171860785
ck_c6bf67470f526771,0.017716096151544018
ck_b568ba3837afb39a,0.0005988351147198957
ck_a2858979dd5645ef,0.0015638324674995604
ck_1da9d40837ebaa57,0.010213323383459863
ck_9341c7959543c542,0.002672716746637209
ck_c8ad86806b9a2369,0.033688743299967426
ck_5c85d93ecfed4b0e,0.0023770193329633676
ck_f07b09879d697b82,0.000586576484054112
ck_fe43da07608b1749,0.019158641477358896
ck_4bca22b5926b9c28,0.0011222635770777743
ck_aba573aa942b1d41,0.003710117197096053
ck_57c14e32fa4683bf,0.001602323922655412
ck_891530b489ce402b,0.0008565899683340253
ck_5e74fdadb93ff293,0.037130858574422006
ck_14436a409ebcc90f,0.004024748792583376
ck_00013fdfa0bd37dd,0.003053091374012393
ck_7dbe24ba01316775,0.03279341795414656
ck_0e3f80c1553c591b,0.012885912227427979
ck_3edc45db58760d76,0.002943148176501561
ck_29076a13f539187a,0.07015619528448747
ck_b1e81b58b9a545ce,0.0504135917950236
ck_3f8571d4f7420b2a,0.0902890524928725
ck_7dff6abe4bd644dd,0.5944946547415147
ck_2884bab237af16b7,0.007860357208078815
ck_231e6dd1fe708000,0.006843771501583873
ck_33ecaa7b892e73df,0.007230350637417449
ck_b109ec4c63503030,0.004204382158294415
ck_a7f522382509cef1,0.001398922764421392
ck_748b3ea941d8b3b9,0.0023553872489558785
ck_29f3a1737a2d9634,0.02434644248736756
ck_cee8d42475a0f020,0.7947817285028078
ck_c6b6ebe145a8ffab,0.001389229432962369
ck_21c99e1d6b881894,0.000752835705408521
ck_5ad798286384484e,0.02380979867614438
ck_b621b6ffcc7f4848,0.0010959264536749029
ck_ea819e337233475c,0.07006834033871945
ck_9e3896c2668ce06b,0.04862737559666488
ck_501dcf1ead036d2b,0.004424555991438866
ck_8d5eda29a2cffa3c,0.013108542154671337
ck_4d3aa36ff83f1132,0.4670541645428356
ck_8e9faf94e3e6c757,0.0016338487453556984
ck_ce0ec41f96951048,0.014577710559759857
ck_f09165d73ee903b1,0.023160601826189276
ck_a432b1bf1d3b3d5e,0.4612488234470487
ck_ea618f720ff0b4b0,0.0033153625247488144
ck_7584e7bd755cb28a,0.005270117122396056
ck_e14681aad43e1a72,0.017860285219739213
ck_5e18870d8e30e379,0.01387150898727857
ck_ff7c26a62bda8089,0.0006799107617829247
ck_cc5a35175d381d5a,0.006024112023624131
ck_3c25029e40aa8a84,0.0015610121334204664
ck_771247b5bc16c12a,0.0038893123486366393
ck_664b5e02759f985a,0.00304576095325121
ck_692a9e8f504b9762,0.00027939684855527136
ck_df8ad2deb0a4ffed,0.009794795772436736
ck_eb48c0bcd12ea654,0.02267357526467766
ck_7c77e597c951cdad,0.011800857609455042
ck_4f75144c6f3b13ad,0.010283628696687393
ck_1bcff399166d7c43,0.01010877844082779
ck_975c2aa3d4a8c51a,0.00786781143993351
ck_bc6f07b06aaa4ce3,0.14968884971002996
ck_80b072b7f3c7e8e5,0.006075204055686342
ck_471e4018a23b4e56,0.001151083712251728
ck_53cddfba570b4a3b,0.0088492567344914
ck_630530e50764f229,0.004866693399522131
ck_dcef7887a4f1e435,0.04929228211014311
ck_2795921a055643f6,0.004224164105207997
ck_7456df89f3792235,0.0016219960102125915
ck_5014a3b07e1f049f,0.41710493572003365
ck_d4ec44760cbe03f4,0.01426238416425698
ck_96810ad39d4cb7b0,0.06023749698353572
ck_3222ea25aa29bfa6,0.0005332147979134385
ck_f6c42001b84a10cb,0.14635295234355997
ck_5ac86682385c86b8,0.010479918240824962
ck_4280c33af57eb4f4,0.0005100185893699792
ck_05f79ddd8eefaa56,0.00984635891289344
ck_3a57a13ce032a6fe,0.00575853315910965
ck_a721f0d635fad68a,0.00743777765445586
ck_a3f821bdf408c326,0.006534905761089724
ck_0ada63008be5685a,0.019740388501825457
ck_8c949bdc6e8720fa,0.1136077093948632
ck_c0d2c56f9c722e99,0.9503800054623363
ck_5d2b9e6e087b8dfc,0.9990408055051653
ck_5217b55593a332ca,0.11818386230430918
ck_7a7bb9be5a7e48ad,0.003957264199879742
ck_24cd0d779e866287,0.0012011473933667383
ck_7367917891a63771,0.03296517059126661
ck_4b31a8862a857e6e,0.8466798125821327
ck_81429c4910ca46cd,0.0023635411866038585
ck_b35d803568f82d9a,0.015357276617990807
ck_4b00e75c2d2d0522,0.0009508154602426469
ck_77fced07f6dff42b,0.012324004382518386
ck_3c9a06eb07c300e4,0.0018519654716293646
ck_b3867f7f494db64c,0.0005682507776004623
ck_0c45e54897ab34e2,0.04776022507628037
ck_507a6a580ab55c76,0.008425301948244144
ck_291bffc7809f896a,0.0023107113166064494
ck_3753cc5b9d02e2fd,0.006573968651473153
ck_4f63d5245b3ac1dd,0.010723931411168697
ck_9dfb2ae78659240a,0.01638762381313517
ck_90f6f5ced708aa75,0.00027554589491512825
ck_8b5b5a6b5539e39b,0.7232756594403327
ck_4719112b55d20161,0.021522588993102817
ck_fec888a7108ca52d,0.9846665837946764
ck_4f5d022c99f118b7,0.04581645850495294
ck_e967ff05514b697b,0.057776745757493864
ck_839ce35819bfa4fc,0.00044873468645371153
ck_bdee1221b9addff8,0.00629135806698198
ck_9cde4036d0914427,0.026893360622151655
ck_5ac959cbcc5e98f3,0.0004522048122077096
ck_619842688294dabc,0.007713110789240922
ck_7373d7b04c7799bd,0.019935800166698936
ck_c1dd3feb9a0b6471,0.031263681019346554
ck_0324a4812ec319c6,0.003213028047357371
ck_7f3685aa2933b251,0.11696496290954828
ck_06aee5a62a67a84c,0.06810171604323702
ck_3428910b44b9d08f,0.022663202822232543
ck_c3ba7534cefc1de8,0.0028895489286056408
ck_1f1273a67cbad5e5,0.518423363547274
ck_124565a11b2f8bb8,0.004911567147573435
ck_38e46bc861e0165b,0.005662076469957582
ck_c8ad3f01319c065e,0.056446823406321324
ck_3f94a34f5038f7c1,0.7219860755011033
ck_cee56be5a502fbd1,0.1489322069956995
ck_2b90b76cf4d162f9,0.005378755088546537
ck_884b2e463ff1d54f,0.0035250471859133072
ck_fab4f2f8531b4827,0.020416325450398773
ck_4fc6256e0e60a926,0.003496193474801164
ck_0a2f8b2f8a5b6f02,0.0050587049115235405
ck_9c0deab8a8367c5e,0.0004554426146866374
ck_d3a2a4c011fa2554,0.0005025218988371975
ck_4108b4038f762817,0.822202752705668
ck_4df036e2aa7e1056,0.0045749216630454745
ck_ec094eb1cbb3efc5,0.0005381778944152851
ck_09f8f51bfd2492c6,0.0038169212615994583
ck_b60fb9a10d6f4489,0.04937488827095968
ck_3638bc3388dbc1bc,0.14141382140892123
ck_7a58e0cc9943c39a,0.0017855517706065651
ck_37dab6a0a536ed49,0.027017276544424887
ck_adc576690df5b33b,0.00884181301299748
ck_1383b2b1875000f2,0.002193379495097158
ck_43c1248db37a2eb0,0.0050897951704851965
ck_29c11bd68858e923,0.0008608589743346985
ck_9401f9e11f65337d,0.006434905582895248
ck_ce5ed372b1a2ed6b,0.015420480893548283
ck_08b4619490e751a8,0.9140404103923704
ck_44b9125526acb05d,0.009134337309040568
ck_ef1a1de20d2124cb,0.015865812723067883
ck_e5e2624b7fc89774,0.034807417660514796
ck_f5100511609b92c0,0.0009046418092855177
ck_64f3bb17101b7c42,0.010837838801882388
ck_ea1e5b5128ecba2c,0.0007389914452675459
ck_516163fcf04d5e77,0.006568212889671972
ck_7f9a748110d70005,0.005115175144617438
ck_d263b55f0a681cce,0.019916421311444204
ck_0e962eacf98a813e,0.008704888614062373
ck_0406931800e0e2e6,0.002692343654183318
ck_0e9b982afc88a3a9,0.9937105398763096
ck_8bbb625384edebd7,0.0006320834090598554
ck_5eaeb87bf6207406,0.9548250292000455
ck_cc3318839c4b0745,0.002523207863014303
ck_08a0355d1f1890ef,0.003579624489168019
ck_af7ffd1a822460d3,0.16970087783036225
ck_2a09c7aa870edb6b,0.0007897558075181192
ck_bc04f51c23290bcc,0.009576687899224659
ck_d3a8333cb389f4c6,0.005097112192728264
ck_88e3dd3039508332,0.027979734842339593
ck_b8c7771de9b57705,0.0018788543144349888
ck_585ababa02383b50,0.009750542661596426
ck_e988c108754cee9c,0.006602860843464183
ck_4a691892d9d6cf89,0.005072836942899893
ck_7cdce37d895eefb8,0.009817883442241559
ck_483fb981a1fb4317,0.0030753939014405893
ck_c1e5182bd99e0e35,0.08558321665364814
ck_9a1e3ec9a1839939,0.007866065879138894
ck_5c3f13de0dbd5086,0.017783524580229502
ck_f4f6f0caaab70040,0.00439139589796539
ck_791be3378dd7d64c,0.00622417331281054
ck_956dd784525f5886,0.06010876876441757
ck_098167eaf124c279,0.029232200909094033
ck_33ecff7914349ebc,0.004101608133975618
ck_e05d44e46c7174e6,0.020796353517530012
ck_1b2ce474fa6582b4,0.028746708248179334
ck_ab581082e8f72e3d,0.004438003147965961
ck_e63256667aa19070,0.02168575436957139
ck_f568772b6cb3febe,0.02996783458889879
ck_dd89a282375bbab6,0.043281499072261476
ck_a39d0bca345b492d,0.0024577315954488472
ck_d12d2924d0f7a64a,0.006771146142794782
ck_6a548da1728b5823,0.9953366762541322
ck_6d64193681d2a94f,0.04523881959472243
ck_ced6b6dcdc7c201a,0.007110811950984266
ck_d1b0699d26282871,0.04687918734227627
ck_58f757e40a9b8877,0.010620109951890028
ck_3272c2c4a37d5220,0.20995378343907287
ck_d94dfde9e03c9d1a,0.01482784903647573
ck_08a6d4903a7fbaca,0.027812579121362004
ck_6c72a36b05fa0f4c,0.059339857836157604
ck_dbb4bd4eda97255d,0.019475127509063425
ck_94b59bbc824b307a,0.002408468350013558
ck_0229a07185f15469,0.009051691764875849
ck_11bf1039f8b3025b,0.006024574544757911
ck_36789ca11459131e,0.016148626901284737
ck_8572c5f5c1447c62,0.02772420986267644
ck_9e75c6641939f4fc,0.0514943264524528
ck_b45e47c39d4dc7bf,0.022214053482517076
ck_02903c48b6cfd65d,0.0016705269247570466
ck_b153386f1729de81,0.004398988317319123
ck_36979996f33498f7,0.23485839513172088
ck_3c02d4dbbf6716b6,0.00783594408036814
ck_66c9a19963957531,0.04064752997847527
ck_bae8dae7cfd8baba,0.0003296250302508708
ck_bba0ccc6cd968680,0.03469935885020455
ck_3267fe3aac05c71e,0.00444064642224599
ck_40052cac10562cde,0.0030605301792786116
ck_d973444855403e2a,0.005848772370431181
ck_012519bb095ad36b,0.9948072182389787
ck_ad7c256ea10c4a00,0.11262653946992392
ck_70a60e095e9b706f,0.0007474879134250319
ck_f2734417c0db4ee3,0.0002827921335460545
ck_9cb89cc3178e0172,0.012011979403390013
ck_779cc0f2de4d5488,0.1686251348886382
ck_35f8656bf93e3b3d,0.0194426616226976
ck_bdd8eba728800e29,0.03654073210655719
ck_002cf760d173f0f8,0.024549428989199745
ck_b046067c6ca3831e,0.0011968582234438661
ck_a4a42d4bff8af645,0.004073701360857378
ck_bce253d2396681a1,0.014662011675480945
ck_00dafc060c8de32a,0.014578730553804903
ck_968a99e097ee78c9,0.06524076026158722
ck_66949171b387bb93,0.02654932509320671
ck_ad305286702b1958,0.0006299666145757231
ck_4732da7e0d2dfc7c,0.0015707439498984788
ck_17a95bba77217d85,0.023042255932118217
ck_3e2516a3e35067e0,0.002789819377667538
ck_0b615ed566da1f58,0.012658817134709366
ck_d2b3ce1ebabe9f93,0.007199108757915163
ck_a892252e4e0c2828,0.010208619837920463
ck_cf606fd6ebfdf9bc,0.0006750158043259637
ck_718865237134ebe8,0.00232921988412096
ck_878522cb775b904c,0.15400344059975488
ck_9ed53de6ef779ae0,0.000517512537384083
ck_3f16e2cd7e6874cc,0.026972060911920212
ck_3c59df37895ead2d,0.004482261892121119
ck_6821459b626d492c,0.000430031087613323
ck_11c7667920541587,0.0034133525274527734
ck_23a016cf6b98d89c,0.03568362206557465
ck_7137eeb394d200f1,0.04001457870751401
ck_9c4886c5c90ddbdc,0.002038691156518318
ck_1422a7bf7756294d,0.9383187155133023
ck_7ebc5fa7f0d3b8f2,0.026806938451031492
ck_fcc2059a8d5c41fa,0.0709753386075483
ck_00ff7389d6a83e29,0.05710902737608117
ck_03129b41457795d2,0.019081394229853447
ck_38ba64efa7c38250,0.021548300831540062
ck_57a6b56b09bff24e,0.006832883700576366
ck_e3b3c5a80a567418,0.0013265930805568277
ck_fc40a16adfced018,0.0031846003706170654
ck_9d4b5e6b43bad4d8,0.0057080812123720725
ck_61129937ee466b49,0.034512239318298416
ck_74112e47b8629c2a,0.058651800032061274
ck_b4703ee97f94d7fb,0.00036630325837849645
ck_e560f720a988d8a2,0.854444007836436
ck_708fea345f68037e,0.0010652847810334954
ck_25394c1b83e0b803,0.026554526799357187
ck_17ab24fe914ae44b,0.0014662230261274928
ck_16c501470d9bb006,0.0005695362589796582
ck_628f449e248c19b7,0.03372728793447934
ck_6d64190623dea714,0.0026560789266201084
ck_504a45ee08db72b6,0.007552334262329801
ck_6cbb011e0c70bc7c,0.002040732683710887
ck_b3225a98acd04f83,0.005414975006801906
ck_aa37993f1c17cd1e,0.02357966590242413
ck_558cfe5f77a55a9d,0.007824890980068526
ck_0d0a1a021efea5b6,0.027173422740698838
ck_daf7aea023b7a8f6,0.027392271048989423
ck_d75f25184ece2b51,0.0023042337442416225
ck_466d4b5366c50b98,0.0008247697554420757
ck_88f27ab479063852,0.026784090326864348
ck_66779098e78c1760,0.0035055392409335667
ck_b150fe4efb449b05,0.0018972890179287018
ck_9c3aa9f23d01fa1c,0.0031758377192366368
ck_6a01c375fc26705a,0.0005852787994277287
ck_002eb6552b504ea1,0.005683243372635972
ck_affa5aa0bff9bb0c,0.01635796202927461
ck_027614eeba8b1a4b,0.00682422458694015
ck_67e075c982add719,0.013989775268173868
ck_399b0d510be98bd2,0.006291585943870383
ck_e9b0bca7368555ef,0.0008720219056922652
ck_59c29d9c57b4f994,0.008887436393147692
ck_37176850ed68831e,0.003105315465808936
ck_a0db4ccca08030c3,0.8654686803679401
ck_aa188e5c25f7f42a,0.014273311758753135
ck_7de6997178207800,0.000537681739683046
ck_c729d19053387be9,0.10739837845989897
ck_f2d3e3d90608596d,0.22683806296446707
ck_2db3fb565e0211ee,0.00225497686119118
ck_bed8a480e27e911e,0.017584281223512202
ck_d7ad9921a4d25926,0.016531981609747753
ck_2a59f23fc5194699,0.1253276699062107
ck_63601a58a6120d8a,0.12700543881226542
ck_efd7b9e22c6317d6,0.009623016460716885
ck_9ab42875a0f95b43,0.03645574952794948
ck_85cb5033fca7c846,0.05586325624714083
ck_5249b223000915ec,0.013316954015949243
ck_3efb0e9bf25612c7,0.001550891184517303
ck_678e74532ac19700,0.007604337547050428
ck_a980b296c95153f9,0.009802798531664776
ck_01ac687ce0d696a7,0.011317418432789253
ck_52e1418cf1aa9871,0.012182088245231601
ck_7d28da4f1dab09ee,0.03631181919767718
ck_010d0c2e6c1657fd,0.022396755807358462
ck_b524f7a2e752b9d0,0.0038757835197165513
ck_cc447fcc24a0772b,0.9843912857362364
ck_2cb3c99845e572da,0.00139959876055523
ck_604c710141327a81,0.003849585776846532
ck_8d5fa65717d2e0c6,0.016187251094216412
ck_31199510b40602a1,0.0031981571074286425
ck_49e253ea12f4e922,0.0224850430486248
ck_780738e0d71e7e43,0.003537143551898161
ck_2cd21137a07fdd7d,0.004941126908001991
ck_5e021f2a3b66e256,0.028590914776677936
ck_efbc79246e32c66a,0.023181793764106617
ck_9951bd806c13c7fd,0.019506780466731342
ck_7a52674e2806d8f5,0.04129363819194119
ck_1a319e509f1efa1a,0.000838635830731932
ck_c920901b9a4ba993,0.9021442235304624
ck_b71279e807d0b3a7,0.02010571367485638
ck_47e1032f490bb018,0.02058762682287457
ck_192579ecdca7ff83,0.013344419456974945
ck_b1496c474c4a3239,0.0014245448244118327
ck_5e68ea2c5e893cf0,0.035081862139779485
ck_f2ecab85d4693b4e,0.03352226694005217
ck_89d7bfc81c3df597,0.006966414572213636
ck_7929284327667791,0.1254221751236291
ck_494ec63c5ce8e150,0.025791076638237088
ck_319b059bb2145586,0.04160433681870401
ck_ccb3767c239018c1,0.0011680888558244608
ck_a1c7adfe26e09a8c,0.03730495425341643
ck_0e13c4f73818149b,0.02213420273704735
ck_c285a51ed6214f52,0.011648722710656432
ck_916784595f028226,0.09128774556971887
ck_6cd8e0196365c474,0.00302506176115601
ck_57b657aba4daffde,0.04472235744553502
ck_562c76a3753fc7da,0.549609958334515
ck_66cfc1ebc9a513c8,0.004899266115510695
ck_0f38d4aed68d7d24,0.010146889699030723
ck_d8ddf5e99f7859e4,0.01845540229094463
ck_41bc3efa0fca700e,0.020285587395088206
ck_40799e129fcf42c5,0.09359566607114937
ck_786f079389126e44,0.04765226528097762
ck_bb4c6b713eb0b978,0.025621897004938454
ck_4f01f7eac0efaba5,0.017316844700183864
ck_47d29c01b20cf69f,0.008200066478762298
ck_bf15a1f8d67a30d3,0.01593932226108064
ck_bfecad7586f65e4d,0.02726147039958893
ck_fc9f16df35190eb4,0.1870870028551278
ck_c09c914e416edd08,0.01710420143432083
ck_c54c5d8e4433b0f2,0.0017109039708103218
ck_1694c28f44480e98,0.010579511589791405
ck_1dcaa3078dbb7571,0.0005647701892699383
ck_af559f990c640e41,0.009347423590232306
ck_9b436162039a77d0,0.051188371990085774
ck_79d62ef181bd0cd8,0.009195134457974619
ck_23caafc2cd34242c,0.004426126391820812
ck_ffe2aa26f597e552,0.011309973548156436
ck_e6ffd0754ac08661,0.0010984582891182615
ck_beaacb4a783db21f,0.0010118784031678324
ck_9863bff41d24ce9b,0.006535381287002719
ck_323b9cc5c49f8ea0,0.9592492694656389
ck_ab3de3d3e41c2082,0.002777174675908675
ck_35c93b2924900376,0.0023249029657088165
ck_5a9d5f9901e37e31,0.022254566014200308
ck_782b0be796164335,0.0023193717383370917
ck_11960b5f1c7a5e2c,0.005689548479580593
ck_9a66cb13a9884cc2,0.009542811272176027
ck_ba666a425930615a,0.001258981113436825
ck_40140bef4db73741,0.006688475813128289
ck_e05e91cc180063d4,0.06321374883104498
ck_c7f6f45710bc050f,0.005616408843236625
ck_055fb9f2e1c8c934,0.04991837179477401
ck_58bb02d98e2b9cd5,0.0198625844202172
ck_d9f8efa6a7800f76,0.0036746885239341983
ck_69691226c68fd50b,0.3908070441110771
ck_6f2f0396e5b1c538,0.982556724588239
ck_78bc3f1d0f35ea6c,0.005372221826650742
ck_2d5a6b6636a2596b,0.00671623512890263
ck_7878545739af0a73,0.0008388788251289949
ck_03c4fa4f3ed3512e,0.0006332766165957874
ck_1a9e51d092d62c84,0.3752527425694184
ck_9f3861940d8d873c,0.008130384705230087
ck_4684fdd61c6a0fac,0.01922256789652364
ck_715966f86d5c913d,0.0005351220539055742
ck_77f293d44b4a3d2e,0.030263291372524852
ck_24dae044dc05f849,0.018037507976583628
ck_00b9818e2064405e,0.09851179501481107
ck_c1c2cb49c3c1b0f5,0.1266663928068805
ck_bed50fc64fbbf8ec,0.004974345184656648
ck_4f6ed5ea5ab7c429,0.006214819217687111
ck_458531c22ec2f9b3,0.014592059039832073
ck_51c50c4c443df31a,0.5602152183607862
ck_732d45bd578dc39d,0.005876437733084223
ck_783fe5bc20cd02db,0.043160062155543306
ck_7f188aaa63d1d442,0.011186163478362023
ck_ef307a6aee38d1fe,0.8235757896757603
ck_e37196b20968b73c,0.04342693968317394
ck_4ef9de711c3d93b1,0.028425971228485437
ck_17946516d5df71d7,0.0034020965821403306
ck_3534be0f4efd313c,0.009937960150895807
ck_29fbabf855cabdff,0.0036927906681654145
ck_191673540d8486af,0.036947969931234885
ck_5f52728d777ff2c5,0.015031686286272892
ck_a045a19369016818,0.9988056973287448
ck_4eadbe7298b15e96,0.02846207001293945
ck_a3a0bd59729fe619,0.009029445430950661
ck_a1e77090b1c6ccf4,0.009864470711118902
ck_69ab9d4784eb77bd,0.014129677747898315
ck_baa47383ffd50f04,0.0043585374998984594
ck_e35b2ed08b9e55a7,0.004196429215848829
ck_b6e3af0a5119d9a0,0.09528043478761693
ck_a7c1dabf3869772f,0.2103099184182304
ck_80b8fca67a14e0be,0.3204572450225727
ck_dd9c5f0c42878e67,0.0032215976218586354
ck_41ef7967faf5ce82,0.00019612812152396963
ck_a93560aa348d6225,0.0317496626589661
ck_ffe91d6f0bd93fc6,0.04137167447530687
ck_fbf630c960194033,0.010430569109203173
ck_497ed60723283c0b,0.013332228916209136
ck_2a46b7ca55239413,0.004195439092410879
ck_1a4e5ace078dd782,0.013698229517654287
ck_616cc31910f5de50,0.002288239729701472
ck_0d65bc749eb42710,0.0421711217087011
ck_2408db62e4395ccd,0.008567811378632013
ck_5d7721930106dce8,0.007230456355837808
ck_e8a6acea22b20312,0.08752016147535795
ck_e2f792fae128b18e,0.15931428969115277
ck_e6d3ce445b86003f,0.0011853996219987704
ck_263334d722ecbc97,0.23786101639066745
ck_8c5b29f6666d4874,0.03624623852363882
ck_7ea0bf310fc20c7b,0.6407888741613198
ck_54d463f7fd89ec3d,0.01662102257057964
ck_79e45040dbdd6447,0.05173668081834124
ck_60b4d59953505682,0.6994933815089066
ck_fb00dd5021642507,0.011529552065484991
ck_f409ff994a210601,0.015425966918025771
ck_2ca0020038bfec58,0.28455381303461386
ck_adf84b9df54c3d80,0.01918353399132704
ck_942dbf632591b65d,0.018169387178559825
ck_454a7e4d859a3409,0.001434224192389398
ck_2139062d4569aa07,0.003599068197196528
ck_e949a0f4df0b3902,0.0721210880911021
ck_bb113e3e6716ed65,0.008289937230955354
ck_6a28ea6ce69cb869,0.04748079294887363
ck_7df9910af2bba21b,0.004551439102098993
ck_78aa4b731cbfe251,0.0021871901992833336
ck_5839f5cbd8165b1e,0.018492837373775974
ck_7158ad9e58769ffa,0.04875096906195998
ck_acee218cbe61df69,0.03727836300130356
ck_f8dc8473c2772729,0.01804331869048857
ck_f34c93a8173555b1,0.03312184438866334
ck_7cf301d075e4e709,0.008158992249435821
ck_b87e88ee5512ea17,0.0011623629557807951
ck_bed0c020b10afa3b,0.0065172079313717554
ck_ca10102961f99eb4,0.0009343411380873627
ck_393287947b5c8d79,0.015377183099397188
ck_2fe6cac002142f67,0.02431185873010032
ck_79c7f0d29b1db1cd,0.09108164721466405
ck_c735b643d3cbf67b,0.0063174297861409755
ck_ea4332c8fe48e2a3,0.00300064941576514
ck_d39864119cdd460f,0.0016767254414586982
ck_3b963d6be2773861,0.002364259641390498
ck_df39e3b8a9fd0bfd,0.6051408976443141
ck_6236a461dc0d11a3,0.0010953123104981448
ck_475ebccca25e30d1,0.012097806723805936
ck_c10c8bcf5bcd516e,0.16331004037054317
ck_49ccc3716a564256,0.003996669807147866
ck_4e4f99102f6938cf,0.0013551335871114355
ck_a97b481ade6f7972,0.022339406376251304
ck_3fa559c679751b3a,0.010480412612866813
ck_3eba1fd2c7acc4c0,0.3098653469798078
ck_18c179b4afc4fccc,0.019923483163992315
ck_cc1c0b93d05b7d20,0.08857349619662043
ck_742f7c28ddd019e8,0.027700728178186418
ck_04470bc93b8a0d71,0.010787377776934934
ck_6e8f8ef7a03cc6bf,0.014900487204625128
ck_eb1ddfc353b4da83,0.002872375857128778
ck_98831b57c7ca2e4f,0.000615982807370707
ck_a6c7b8d6e8596d4f,0.017572356176802004
ck_cd7d24e3b095e96e,0.093894822560158
ck_3f5ae4673a9f858e,0.008724438507724934
ck_05f375fc8ae0afb0,0.006590214209655929
ck_1fc98436281ee39e,0.001528175404601496
ck_6c48c58678f64bae,0.0005583462506072867
ck_8c95aeec6a4c75b0,0.0010284536002694762
ck_364cde38958b7af3,0.1061878656198385
ck_85bf21aa1a00452f,0.001820357094552586
ck_796d3eaabc667c23,0.9988847431218465
ck_ac449ee0c315edde,0.001250811870026937
ck_6f9fd15ac6b163de,0.0010391630047543428
ck_4087065be2a45ad7,0.24027741278661954
ck_ecf006bbc78ee3eb,0.24499592052759644
ck_8ca808cc5a49cb5c,0.022831297427286405
ck_94b90ab8b2dfb50f,0.03533830306508536
ck_59fd11b3232de9dc,0.7850586102418013
ck_67f3794d93e2dd67,0.2942374933793241
ck_b7f5acf5df1bb13e,0.005742706049952008
ck_fb04ecbaebb774bd,0.0034031966453177583
ck_68ef3e7301c621b7,0.02638055540953795
ck_41406cfa209b6bda,0.0010261252153576479
ck_b0f8f5408662337b,0.0024230456921235425
ck_0d2901bfe585c391,0.05551699945392539
ck_3398551e81dbf3db,0.03425282685599452
ck_61c3e3e277629646,0.00874447030678171
ck_2825e34dd3e7ea2a,0.00674620926684263
ck_20d7571ba830009d,0.010440577847658014
ck_c98b16f9a72a6568,0.0002573057146347352
ck_e7c8a9e4641eb9ed,0.0005231069126239376
ck_254a7c97c36dab8d,0.010997430614979603
ck_e98429675b46272b,0.0023452573171053094
ck_c2fc0ac460786d02,0.05186488862216828
ck_fba15647b3a140d9,0.013275424747241983
ck_15ce50f2704227be,0.018852310627640822
ck_8c748aaa4a4554f9,0.012677809165801496
ck_e00e82a9419ff086,0.056215303771754745
ck_832341c98254bd84,0.013216648978931886
ck_27466468d06db4eb,0.020243340815841792
ck_9d7b9e3ff1f3e71e,0.01040602564104809
ck_42c6973d3a6fe983,0.0007109352691009615
ck_877c85bad118bc62,0.08401927690313053
ck_75d2a2715259c4d7,0.01826415734325569
ck_37d3e5c681a2214d,0.327741304514459
ck_bf285dd49f372de4,0.016182553689603557
ck_a5bdd026fa9c50fd,0.0072837918906612465
ck_88d9244a9cf7a77e,0.4129718943548541
ck_5881b174e49b04ee,0.001442526562754983
ck_5b16d67c5ea89930,0.008216638349238197
ck_b75b936aafac56b9,0.014906436492523456
ck_aed2681e1646a0df,0.013140641664331648
ck_f63cb5e8cc702bad,0.012617725492855641
ck_1805fcfc4a9e4ffa,0.8931905750509032
ck_25c355da356c730d,0.03453194514515462
ck_70396398e4a96449,0.003310040993707941
ck_0f743bd13373748e,0.032466402024427354
ck_4b387765f0e916cd,0.0012969472829956485
ck_e971faae8a10a260,0.0011284425684555909
ck_9eb08369e983abfa,0.0025779056402511083
ck_c30c5844512e429f,0.04712467229797698
ck_59e77e3a81f1fa0d,0.041325030290944136
ck_ca4465f2b5c1a52e,0.9829754780965528
ck_c89b9ca398402f1e,0.0011925379579278762
ck_36e72ef9273e7a95,0.005227505336147594
ck_2bdd8616870e5e1c,0.0007785432888289618
ck_216e87a41de22b5d,0.1140436404638094
ck_60f4fb44f5efe3a0,0.0013939978958339633
ck_05652e8ace6ce6cb,0.0009946374084357113
ck_8c136dc691e65695,0.0002778434056344804
ck_a08f8dfadbdca112,0.0019613949324472284
ck_bda4041a3e90d860,0.013019272301764572
ck_15dd3ecaa8ce0245,0.45834173137271167
ck_3e3c64b3b7876ce6,0.01829209358332483
ck_46225858a38b2e57,0.0038951502980994826
ck_0cb9f54928f4feee,0.009531023315433908
ck_152671fbf8a9a78e,0.028338988954302674
ck_ee7a515e87d17d4e,0.023891042719668774
ck_f7276091bf513d22,0.07032059869783945
ck_4f05daf1cf0d5755,0.0005669146673488551
ck_83a69c4a5d55ef19,0.021653686394491712
ck_c50fed2a7c9198c0,0.01100161844935797
ck_70d19d5650ddc8f5,0.00832522531525482
ck_4b4d99e443618904,0.01922485388407603
ck_dca0b6ca93311ca2,0.017385591671378695
ck_b7431d4706461ec6,0.0044268739438773795
ck_7b59d22cadef3b05,0.09864756649293849
ck_53428573abcd606f,0.03135228702533662
ck_f538ab6aecf2adfd,0.0008533902183547156
ck_d321249fb065d2fa,0.05464271371155758
ck_72fdfc7e6d8e1436,0.0005639119330978448
ck_b52b99dad89ecdfb,0.014019878103782094
ck_d2d4282f9d256b3e,0.0037601705237072305
ck_c8f2a1dd8a6141a4,0.0008736012211814952
ck_8d38747058d0aeea,0.4090584736778505
ck_3ac528caac74f563,0.009816146687401509
ck_8dbaaa00ad829ca9,0.0143039525501174
ck_7c38ec898f0fc21d,0.0016989035248082245
ck_8171ef803f5ff604,0.019747736081356573
ck_01a750db6fc1168a,0.07824880666273844
ck_ceb017baa26e98c8,0.05945503691157492
ck_e2c66c72cc0b0f78,0.011410963273540619
ck_8d9518f64b222416,0.001778629795868383
ck_804c5a1fa5753617,0.004978742731964719
ck_fca7cc9c42695453,0.006881455135775323
ck_3a632cdf2c19051b,0.006271236860657545
ck_b2b63ea65edf1dde,0.04566982524912308
ck_27b07021500ee841,0.01122527223976104
ck_9724718fe64c6557,0.9877337310145681
ck_2786cbc3e75ec034,0.11324295206864028
ck_d9c2622cb6df380b,0.0027223042545559115
ck_ae1da8ee98e402a4,0.006513418829458428
ck_62967b91504149f9,0.0036196172435029404
ck_6b255bf68709109a,0.005046812198085238
ck_c55afc68421d85e2,0.0033221699831980263
ck_7c7266f6ef2a8466,0.04331060273085801
ck_885cf685a9541190,0.9376760558922523
ck_1a4bb7d3d2ee3227,0.011962721168731656
ck_b4911c42f3bff740,0.0003600916151921696
ck_66f9f78d4c6a3edb,0.015358268965106461
ck_49bdba9ee1899dfe,0.0040166578994722014
ck_79b235d51718435d,0.007623587419276445
ck_d840db8cfe2ef6f1,0.0008338048254326447
ck_610c7bcc1cd7ecb0,0.018623863127411367
ck_cf49b6544aff6c50,0.20828120922524232
ck_de05f97c3d40dd1b,0.03862981868945629
ck_0302f67d75973dce,0.011424817279537655
ck_54c2604c9ca6256b,0.018577666925254532
ck_a1c88c0568f142d0,0.07983479994224159
ck_5d72ff6cc2963d1a,0.0026645065790645915
ck_0446920a1004c596,0.0004498250115848819
ck_71044c29ef071570,0.005671681595866227
ck_2122e9bb1afffef7,0.003601403978981291
ck_d1e3de178601d3c2,0.04018348837469594
ck_bec8324a3587ef04,0.0012530831665117632
ck_b616b6f45225f319,0.076054091929319
ck_ce1e695884511479,0.014738977642594471
ck_a662b4bf900781e4,0.0010675652229257886
ck_b5a84c5547378c10,0.000651449747487785
ck_f80af368cfc6cb7e,0.008969127000355659
ck_da3526ab6c5c884a,0.004232142321106952
ck_bd20be9a3392d79b,0.003347728461978089
ck_b8266dcd90cbfa62,0.002276130104345166
ck_ac84b33304362c06,0.020886742445961743
ck_794d8935a895e33f,0.04508411786867944
ck_8fea7d915259f1be,0.0023091246678740474
ck_7a1519ad5ff45312,0.0003029342035349783
ck_9bf3ce30b65f75c7,0.029706327118904034
ck_5f864d72d1eead99,0.04041522719392999
ck_3c48e0cfc2a58041,0.6147191904671769
ck_d902183f80cc81fa,0.06957810792311747
ck_539cb0d117db8cd3,0.21429151525948267
ck_28f530aec8e77130,0.050366851024658044
ck_e7d903c50d353361,0.39840617440223847
ck_d288b77d1e227970,0.01782342517921887
ck_017208fcc01b5d40,0.004212098044897218
ck_7e3923d278a5106e,0.010074504486582838
ck_9700a00ff9e66216,0.02252689460216663
ck_5c36c78b7a4d138c,0.012231075523820066
ck_c457e9c9224b773d,0.012533043083937155
ck_1dfa91405d7e66bc,0.003844748347820876
ck_f1d8a2695a575e56,0.0013879658062119242
ck_3b92a46daf8d00d2,0.019731550366858214
ck_aab23b5470469649,0.008660097221981177
ck_ecdd01a391610d99,0.00318783665250018
ck_abd3aa292f8edb4d,0.05484183998900166
ck_7fc9a0776e1339e3,0.0011979553225552981
ck_c0389ebeb0e65cb8,0.0005514385986238991
ck_48d0fc4f6a2109fa,0.9848805066750438
ck_571dee4f3336c7ce,0.02106228136459609
ck_4cedf26628c84f26,0.05536152264414704
ck_63356762d24aab81,0.04154790412570824
ck_2c5bc11bb7ae5d2c,0.9731480849702437
ck_6d26a152f900fee8,0.006637352082359149
ck_c972b0e781efed3b,0.0008234591648587775
ck_fa0ecbcf9a33d6ce,0.0013562356876299106
ck_fa3a766e49dc77ae,0.015263853641073273
ck_7baf1e55db0dc558,0.02197420292882245
ck_e8bc49e6494c1f37,0.001837599384036839
ck_8ef1d05cc1e53e7e,0.01837111990173605
ck_cef2a485a77e0723,0.001150972563399024
ck_228a583f23abff48,0.014950846803564613
ck_ac32c6e374782b27,0.06863680762683079
ck_b9485218cef413f0,0.002809542695482181
ck_7f15503048915d6f,0.0034124408432843916
ck_b62f5144db15ad34,0.03632839258818718
ck_917d82c552f95a23,0.006191188443421899
ck_fb4797045077bc6d,0.0010250702117135608
ck_2cf8a44e041217de,0.025648491039575495
ck_b7dd681eb3d2ee38,0.0007400973971377337
ck_e9e8cacd2fa35e79,0.014553785841109926
ck_342a79f91de5d1fa,0.032684892642570684
ck_2c91f62c05685ed7,0.0021793281917576366
ck_e30cb64302939f38,0.019848645168224665
ck_d0e95b90ba86da10,0.003113243030260593
ck_1774faf414a5d49d,0.7214572552411719
ck_2401e8ff89e574fd,0.441504214760499
ck_0cd8802264e0a1ef,0.007016556217951023
ck_da84a0dfe947fd3c,0.0015865989001002158
ck_c8affb27ba7fb5db,0.08362322823474834
ck_bc7ece8787ca7200,0.003102970813716907
ck_469a0578d05990c2,0.00234437173969602
ck_eef67f8dea702338,0.049660909131665015
ck_4f490e379e9ded9a,0.002029484534203817
ck_354379de065a8ff8,0.0018012051203606626
ck_5db1cb368bc41ac3,0.004187090381902938
ck_9b1c3742dd6fcb8b,0.023537171277218008
ck_63ce4f44c92d7143,0.0433373182099491
ck_e15e3390f5ed45f3,0.008823963132549073
ck_da645ea91d66aa6f,0.2944324818206726
ck_834ca727df855f07,0.10948192363853602
ck_e1d5ad20c737c745,0.009305495235517203
ck_ff8059ae5fa5f1ee,0.00016904603601586329
ck_8bb9e75393954a1f,0.0020651921807799335
ck_4e1757d1347ab387,0.9956668449887701
ck_af3f74b1d75a5d95,0.006086642251894877
ck_6b1ab0742ff04c3e,0.061105405520431665
ck_f56073911c9f1ab7,0.0013299495704222192
ck_51bd5f69b4fe0b92,0.3432932543764875
ck_fc3d95030b81f416,0.00010937354778947558
ck_cf78169633a1600f,0.0007614234577044873
ck_ad7269eaa65c67f9,0.018628905046223
ck_cc6d33890d47a6cf,0.037648340508621425
ck_bc8f31f4a2ffa1ae,0.0013860287057182632
ck_720776a46e56dfa8,0.008632293072858427
ck_e2d1f212f259539b,0.00625832982112032
ck_eaf6f7082c3db2bf,0.06069462109917154
ck_773efe58c6278c3c,0.023771779587108532
ck_c4a72c09f2fdacc4,0.0038074574313804086
ck_8982888dd6611143,0.0008739502441513619
ck_9d5049e195eda029,0.01325526988381947
ck_de58ef6f9fe2b546,0.011603871637343855
ck_c0b50c11e4f5adf7,0.024723018011718695
ck_ddaf228487858bb8,0.021631414426463713
ck_eb2323215ff70362,0.022514198869446958
ck_168c96a1a636ea15,0.021283627511726678
ck_9c46711b14d9eebc,0.0014698035066610807
ck_de8af660806b97b5,0.0015025595543732657
ck_6ab83f45bf16eaa6,0.0010659563218350576
ck_bf2228a052815840,0.006144353737929415
ck_3f943f20a9da9bff,0.007149264974203841
ck_3baae40454c00938,0.020151425595053816
ck_bc2e771a1d8d2dee,0.027370036661360054
ck_e55f5ca37f30ce8c,0.005081652630062377
ck_4ad5937bef176d89,0.0018046597686074365
ck_126531a9126c17c4,0.0013273605317598934
ck_7ec423cb56257516,0.014745673545285281
ck_54748ae0f2daaf10,0.027302587215538604
ck_ff24776280ceeeed,0.010189833565761012
ck_3c3a1a1365741bba,0.0035710230064079974
ck_615277c8a4e2b18b,0.004464550869457498
ck_a96aaef34173aee6,0.10028890112140453
ck_bea56db7f3e930e8,0.0034360918924364304
ck_ca491debd3b32a59,0.04472381032249471
ck_d9ea77f4114a389c,0.024016979135883267
ck_322ffda3332d08a2,0.049545771031036946
ck_c40ffefe4e30b001,0.03891932430768329
ck_3b1d7648d4580bef,0.0024393113783207827
ck_23981a3261674131,0.01042493318007745
ck_11667f5b9fac7bc7,0.0006178188401156779
ck_646bb3c7be5f0817,0.005784877244494735
ck_ebd0a45712dcf07a,0.00502804839230505
ck_baf43bf1bd963f9f,0.01360744403480791
ck_e0ca2c819658f6b6,0.9961635622925656
ck_f0d6633d0834fff5,0.02627957691812263
ck_91081be0254878a5,0.006133455265505371
ck_1325000bc7f35b5e,0.000903002424416635
ck_c624b9063400fa3a,0.08049965268816757
ck_0ad6fa0e23c3bd0a,0.13247403884513562
ck_6ddb55b1f23c6cb1,0.009410947342153248
ck_dce1fb3acd65562f,0.00546534863172819
ck_a9aa389688ee5aea,0.007030750418491025
ck_5c5284c45d9ad8bf,0.05778645043318819
ck_9ce743dd3e92549c,0.02312976800164442
ck_8342e08cc2f9bcb7,0.005874245575158686
ck_25e551a0a8d2fcc2,0.03222105905251848
ck_d4fd0e438c97e0c7,0.017436377527559273
ck_ac7fe1c344190c50,0.013545864981144287
ck_ddd65711b5651f89,0.0008871030947288187
ck_ec7406cb5cbc8f10,0.00242748093674272
ck_1c65e8d5be3b9c60,0.5290857643416914
ck_38ee42f15a573e81,0.005030744371941662
ck_0e5385c70c6de025,0.007341768325430396
ck_d3137f0f7629040b,0.00469634746466331
ck_9129c92c12e0c8b4,0.0008827311408349446
ck_c86520a00e50a926,0.022307651675904264
ck_87f82b2b5fee757a,0.03361711905093777
ck_643abfbd7548d0c9,0.0475273897726319
ck_be51f4e5e6b85768,0.11409439672736514
ck_132c16312f37810f,0.001572377138254067
ck_c78c096ca8cb33ac,0.00046244229259865275
ck_2ce5afbc014763b8,0.017931041884067127
ck_50ed8f4e7ae6710f,0.010164289556201848
ck_5a4eb535c9a11993,0.009046927461518599
ck_9b665ef46d785324,0.004767027949794077
ck_e066f71f8b296b7a,0.0017146546484199823
ck_560bc6017870ab06,0.002150502501296724
ck_fd78f8a8663646d7,0.004202180946592737
ck_4af5ec61ddbde1a4,0.021673599777625657
ck_c2ed04a9d218410b,0.003549984978539394
ck_2455d43bbdd2bb69,0.013896794243729074
ck_56eed7041add49a1,0.2156309870894583
ck_5f0be7b468a72333,0.002509025204409623
ck_19660cec756632ca,0.003130462683109027
ck_fb90408f4892a21f,0.0076796005687002995
ck_833a65b86a5d9bda,0.00038537157947829995
ck_2ac36e1dff211d38,0.040558572560583844
ck_c00e70606904539a,0.0023925613354802574
ck_ba8affe4b9505a95,0.5283046118309594
ck_0c3dd22587b08018,0.07894458801792983
ck_618c4e5cfae99dcd,0.020799164601402274
ck_c9690baddfc4177e,0.0007582665677626937
ck_59fae092fb0c4aa3,0.04415118554350737
ck_e03b7d0fa0b28f4b,0.004477565638354264
ck_d451d24c780b5884,0.003271281286013153
ck_e980d325b8dbb8dd,0.00032657048729947186
ck_cff18e2d8c520272,0.0017763799098829802
ck_a0e46b67e986ab56,0.0172523944852777
ck_3a469039a5b9d963,0.0039958881567921595
ck_12cbb211ebd2b437,0.047299661247354775
ck_b8cdd6d6dccc4554,0.000701786555921612
ck_794ba5921cef50c9,0.032622627497108425
ck_2c7667f64edec2b5,0.009304763651868114
ck_7262b4e0c29c942d,0.010377358186813382
ck_5d818522cbfe2a54,0.03950832139254858
ck_de39c1947fb675ee,0.08359639003377889
ck_c021495606b4735e,0.003022729287010663
ck_1fc03ba33edd9e67,0.018429706766077147
ck_a6fe344bbf67f14b,0.005183837574251472
ck_963762210edc5694,0.01788748628087647
ck_d064428b7e7dc409,0.007459104676386104
ck_59be61b53d971611,0.014791305433663285
ck_ec8738ec663cd2eb,0.01741239536409106
ck_59d086fab5998646,0.011105168094890918
ck_bd32dd3b2cbb7888,0.9983758899430598
ck_ce0166addb93bbad,0.0005923896554831678
ck_7c0fdfbb447cdc04,0.004778756547126767
ck_cb1bd7635968ed8c,0.17568822676496218
ck_66f94903177f20eb,0.004275237400711702
ck_1d7cd5dcbcdafd7b,0.4760020711400658
ck_5e418a7c04437b4a,0.03386235465787291
ck_631ea1ae91ab333e,0.0162331164960047
ck_0a8029e79a5ae7ce,0.014749937282033844
ck_c4cca8278bdad9b9,0.00044266083145957794
ck_4dec3df58077a257,0.07349374775882689
ck_609c249edd88c565,0.00490481742991096
ck_02e5f9cbbbf2f078,0.011646422803374488
ck_32e486859130458f,0.5538878486670781
ck_21ed2ea6386c5a07,0.0007260997234976296
ck_1242aa4496576a99,0.003596328169802751
ck_475ea9aa6d3898b7,0.0665554842536626
ck_fe1b1adae3be70a6,0.3847239444450486
ck_c5414d7a8031d4f5,0.0029750472254779434
ck_ca1f6f01868e978f,0.005232163044611645
ck_5eff0208c74ec714,0.007408699614649315
ck_a315c9619a317609,0.010763059759322445
ck_2b87683c90acb852,0.013990364378901386
ck_7cd9f39c50748ed0,0.005885752307084831
ck_16a06d58d71935bc,0.062220278455335586
ck_d116e0e7c19b878e,0.9164834440663304
ck_931510e384b1d0cb,0.0008062736533672596
ck_e7651fb87bb24132,0.0045576361285950525
ck_88ef9f85948e1a01,0.0006886495292436883
ck_17bf38d51115a8f3,0.0008256881519068267
ck_2659d1d3762a2825,0.01045984887041034
ck_a7285955e2852686,0.009912792796064822
ck_f2c33d5b65b321db,0.035072661853718365
ck_83e5979334345622,0.01169173033404685
ck_629537d8b4d0f395,0.004475189223461714
ck_72022008a92c9386,0.027214264265420323
ck_2973b8274f0bf69b,0.009750239559169054
ck_565e3418d2f4061c,0.01039908042099069
ck_54bb53b8f8ea32ae,0.9909953369312462
ck_af0a6540ea7a36b2,0.011544738855330847
ck_888651bfc2c8cf70,0.004598225116092854
ck_1dedcb48ac381a1c,0.17567729117000844
ck_f73273e220296be8,0.036813384099935655
ck_8424bf65223a5a9e,0.0034355154375502153
ck_337b930fd149a696,0.008518986439656564
ck_8a4952de8a123ef8,0.005332768550648897
ck_884168153c9c0c81,0.0011442424181062206
ck_fdda581aec411010,0.0009722475636500371
ck_2b7cadbc8b180d32,0.885144350775955
ck_8aa8b9968233a1ab,0.0005837191645188742
ck_0af18b3ce015d294,0.000998753915053615
ck_8dde670a735d1e90,0.09280754354855118
ck_62f46226f244139f,0.030593800424851016
ck_f948e8a8fdd79b4e,0.016034763156994633
ck_fa00aa0f3e859904,0.021462222429599605
ck_fc7935f784a4f249,0.002535096751512331
ck_e7501307c0698e5b,0.009740453231925213
ck_549ed417f2834cee,0.10007430602281146
ck_fb2a35571ec719d4,0.12255423328029945
ck_25822068c86c856f,0.0005022037309995068
ck_8f35d229b62c8f23,0.00635131729084745
ck_bdcf049c1e7d0c95,0.0017692292096644572
ck_0aa9db36eb16422a,0.0006768636174782366
ck_42dcf92e9e016922,0.021116043320731262
ck_42341cf31c08c981,0.00832639710457548
ck_0b20bfc515ba42a2,0.01811239586231019
ck_0ec820b670d48098,0.0004757737033923884
ck_1f0bafec397da8e4,0.021272768669651106
ck_82f07504ab59ed33,0.12534833579958518
ck_337b24a474010abb,0.9984063393079703
ck_703703bda38fdcf8,0.006658729374353742
ck_01e7960c63dca3a4,0.9054399715991202
ck_be5bd81e3715cb8f,0.757371513167628
ck_197f8058cea1fbea,0.0010791312244364782
ck_eb3fb1106f2f1b21,0.048204361464715816
ck_658b4b54be09a4bc,0.9933173882335922
ck_266ce7ccf41ccc50,0.012615323470222359
ck_110608c3b03d4038,0.29084468787915546
ck_1be8cb95d6d9bbf8,0.0009021839870508312
ck_8e16a64a776afa82,0.21648129059517576
ck_34bd190d37eda534,0.022940365602931927
ck_4f521611ae14ae66,0.00142538731490671
ck_d839798f9520363e,0.23403313452023203
ck_d1bbfd246c0ac9d5,0.007974588216302043
ck_f19030e6e85a6776,0.06975547359481982
ck_cdabe60ab59f9d5a,0.0024216846487419524
ck_bb84b2b30293f566,0.4018656681460408
ck_427b91925952cb40,0.013034827220997705
ck_1078b1e155b5b640,0.017872010282041138
ck_95fdc264eac72fa0,0.002486895949799096
ck_e35eb857c61548b2,0.9547981051911417
ck_69bd0b1abea7e1f0,0.31242588373593644
ck_59de511b20c842ba,0.03146706761578655
ck_168e7ea341a36b80,0.0011913969067966126
ck_4937cfa6526ea138,0.04346065145806353
ck_bb1a981306b750ac,0.09000566796995728
ck_f42a43e4c3f34ccd,0.0031625536111606497
ck_c7ae1d4b3ab38185,0.0020606035298539912
ck_bd23cf9bba1dd33f,0.03805116932231083
ck_0fd826fad7ec7cd6,0.037275444389309985
ck_f143641bf3dd0414,0.0214068192909195
ck_ad6d48c20a3688a7,0.0014331427396472275
ck_7bda5b5b927b2905,0.08163307224234256
ck_a337eb38eefdcc88,0.041506989794693944
ck_403da2a2d800df9f,0.6248217996940297
ck_aa01d5aafde73d0a,0.0007006349391639366
ck_494954023f0eb309,0.04751083594436482
ck_1c6820fc38135ad9,0.01685303353287304
ck_0e0bab173622db9b,0.11099468584001593
ck_547090bf35a3b243,0.0070736427398814
ck_d69455220b21dc9b,0.003791696740867038
ck_90b4ac695b9c6bf7,0.0018564633713700266
ck_8d2afe17c0082e6a,0.024652721885815368
ck_926b81c0ba528eee,0.015359938144552715
ck_ce36b0c287bd198e,0.03316991467181033
ck_8026e017909aaa6c,0.004373077176828528
ck_dfba788f35d4c372,0.0016485115053348459
ck_f09f9d0e0886e0c6,0.007900648459059094
ck_4ffe0366df388604,0.009272250130209532
ck_75bb521de55644c7,0.006456550809604028
ck_81a960fddf79ecf1,0.7289631320424399
ck_8f43459991ea511f,0.005252723127742102
ck_f878b68d66fbfd4b,0.0017010460783358078
ck_e84abfc0c747c9dd,0.786341115040956
ck_3ad3fd3cceb56b66,0.7853689098610651
ck_7cf562578c7f158a,0.0013803548151734985
ck_f81a97d350397306,0.015485177994863807
ck_255d87b7fb40caa5,0.013760082921130101
ck_b3905153b9eee924,0.0049410868829242996
ck_2c80a592fb4cd6a3,0.0010536509879258318
ck_57deb202d4188a29,0.001612488125056287
ck_e3cb5f31d8e94448,0.9522361757073141
ck_0db62d5f7f75f80f,0.023804841572109103
ck_ced9163ea85589ea,0.033471495707159606
ck_e16528edc694fb33,0.9564761542387438
ck_78cc5ec4940fec3b,0.006216943332892729
ck_31742076e9a998f8,0.014348115957350567
ck_5ac335f02280271e,0.008539045150349882
ck_7cc2e091806cfa5b,0.030794727144992613
ck_3152c7115257f084,0.0035185878849400584
ck_ab1b9d019921bca7,0.015295512369161107
ck_c33a762d98f9b290,0.0005825915425903744
ck_b16a7c51b6f7a6b1,0.038718991246014696
ck_97402a153348e68f,0.0035253086166575597
ck_95391029a21caa24,0.06562914133808288
ck_c2015a1200971fe9,0.04475203060023126
ck_ed4427962c68918c,0.9508806056491692
ck_c5e4a17d3efb19a4,0.5629953404119977
ck_8aec3d3dd51517c2,0.0007184015896607336
ck_f5178a658225d8e4,0.0005044508026578032
ck_8594f165e95316d2,0.0010978550217344556
ck_f0c4aac04076a6dc,0.025043837236646754
ck_ac2f7397801036ef,0.04274595417614763
ck_d1ea4bcc407c7d5e,0.006403022536407718
ck_cce8b6657a538fe0,0.01974875201991047
ck_66d0c6d6b67a8d58,0.001918700692227519
ck_1a6b30320835e57e,0.01696661739872006
ck_8cd274cc85aa35d1,0.016601299635232297
ck_ada46085a78280e4,0.012236295609236248
ck_ce1b06623e4a815e,0.0014590601912187913
ck_45e70c8a9686580c,0.1366632687125535
ck_0084d8ab6b1044f3,0.0028943475181186346
ck_a5f7b6fed6df2aba,0.12255469314513734
ck_94940d783e7988e6,0.006451129213206514
ck_00f9ca84d1d8ae7a,0.0006722963642069291
ck_0deb56f3f6452818,0.0007642123106509866
ck_a58e900469dfc3f0,0.030641096411870974
ck_028c41b195280980,0.005409649595859561
ck_7661d7ceaeb19f97,0.004864849453541206
ck_6957905a65c47879,0.020680620102793847
ck_f7c6c26ef3c4ae06,0.016838367110404522
ck_8777beb11aabd66d,0.015254334245471561
ck_7db098a17374bbf8,0.9613432020059777
ck_66aeb00e44486cda,0.9592746188441525
ck_838c52cc1d315ec3,0.006463254790970849
ck_1745847cd4e5dc83,0.018891266266744505
ck_201687857ec8b3cc,0.03148789283285982
ck_81818169208a8cda,0.016184855786072885
ck_3303fd3f64632c7c,0.12773167368601349
ck_edf1096809e83ef8,0.000548330919130247
ck_235ce9603c7dccbf,0.06955445884424678
ck_9df7e153868bca13,0.004062559790145706
ck_3cfeade2cf270fee,0.003723254112466381
ck_982b0bf2e2b6c4f7,0.0020095911054362914
ck_faeb0da678bb86c0,0.0039015828011944153
ck_e86ad2fe815b6ed9,0.023056621876168318
ck_70d69e5d1bb99e85,0.011752834692549655
ck_7e9a8924eab779e6,0.9476561070837763
ck_019d5891103e7da3,0.003812211883616918
ck_14f0484b3817eda5,0.0032480698085605845
ck_85de63d278f0fbae,0.00041654452882593706
ck_ae91b4cff57fb3bf,0.008461334254174734
ck_2a6d43b9f883b78e,0.2722873578051881
ck_7a4e3d553e8ab5b7,0.03787588417262365
ck_fdf89dc69f700f84,0.08555695797440906
ck_f92e04024bf13558,0.0008093342806156
ck_4a522ca2dc4831a0,0.0003300012011041853
ck_68ba25dc3385fea1,0.017213245508510427
ck_22128a4f0d033422,0.024104047415101762
ck_5b52ee0a13c71590,0.003959231050085189
ck_59472d17debedafc,0.0050542959713535075
ck_9dde2c63acda3ba3,0.0015338967467858717
ck_7510b1023cd08531,0.007235378167938927
ck_071ddaaf2e4e3671,0.009939456168431596
ck_1355db6f4010232a,0.005737486013297428
ck_0a7adc2f27f98510,0.061061324971481
ck_68250033717cd59e,0.0017198653258027007
ck_7c12de74de30b788,0.5149349083355036
ck_65491367584c730c,0.016655996987650742
ck_e9047964952bee70,0.03543643350625789
ck_5567779d6ba184eb,0.01404056014414499
ck_d6ea026357ec6477,0.0048695986982347705
ck_cd7dcc884e283746,0.036377548102901884
ck_0bd77fea8ed75a15,0.0212794030118454
ck_e80883208e8d0453,0.021302936237927703
ck_2ad0ecbacd5acf8e,0.9832756988871248
ck_6c1dbee7e8fdd5c8,0.0073107790303732845
ck_ee4d9a7449515908,0.0014780589122623663
ck_636111f7f030496c,0.008937547863384285
ck_2c629c657f73941f,0.011751031049244236
ck_c1c9d3842d758420,0.14502541352090184
ck_e4df7faacdfe8c40,0.018342026350867343
ck_94e8142728e44380,0.03690252534474473
ck_765aaf42c5088545,0.009419517457996756
ck_e0f845159b6e6a4a,0.011197855129694526
ck_5bc07deb82edbad7,0.0008639282983744573
ck_713159c5c6a7a4d0,0.9984183543717465
ck_b08afc91d9ca55db,0.026756487200561854
ck_a7bc323ffed2ea97,0.2791329180402519
ck_85ca825f905a34a1,0.03211813490715073
ck_33160c443d4b3f19,0.010247127169376294
ck_832d39c590a3ca75,0.5277097420239298
ck_7d1661a34164406e,0.9087247505199892
ck_c2466fc40fc9d5ed,0.9847378637967129
ck_ed0e776c0926ce67,0.043037148666458865
ck_cdd2ebeec75bfa69,0.242997201491882
ck_d7877684c7923ec3,0.00365848856535556
ck_7384d4d2406aabf4,0.00995991523151636
ck_b8e5244e650aa81b,0.013497109395767539
ck_25a1ea40b2d59254,0.0004349424713360026
ck_b9e5b318ee4de68d,0.007617867170202222
ck_620d7ae27af83cea,0.004380556541340975
ck_40b4e264d1a12b83,0.650785913052792
ck_b694c803b62862b3,0.0052759149208208974
ck_cbeca201dbade3e5,0.011770179632954153
ck_f9b439c9161c3e52,0.01564988898727711
ck_9880410fcd10a28e,0.002048175102165889
ck_74928f5f91aa12b2,0.07024009518226763
ck_b6673bbe61d2680d,0.03570239491293739
ck_53c8315b5c30acb4,0.005544308702228384
ck_78f01d78ea79642f,0.012201010383874817
ck_8582490d6e365a63,0.014545180390182155
ck_af25c72d16299258,0.002229191602478436
ck_7905fe8e257b0449,0.08723454078749308
ck_0d16d9349e4a9e08,0.013392927940659625
ck_31b16b8848584e98,0.029657586724876863
ck_67207e3eecc02d76,0.026414949528333422
ck_e6b95ff91116a592,0.010033124870484593
ck_c08f622bcd6de6e7,0.006289693511464527
ck_f9a68da9e0f0bc85,0.001823893368636078
ck_4072b59388976896,0.004597283652474645
ck_8ec86e853ad52828,0.07889914837152333
ck_4fecb87eaffd5cb5,0.002401305555378333
ck_d6880578428b965e,0.10372736454319843
ck_bfc82b3c1c9f2897,0.7048833864757725
ck_c340644176ca03e7,0.014059909423344124
ck_321e740066fb05c3,0.785888307413011
ck_8929d2eb09872052,0.058604952397253905
ck_205c107cec528414,0.23265838896941957
ck_e76db7d2562f9836,0.014013306923817167
ck_9ede51c8434cff6e,0.03665336070216995
ck_492e4b89c61b7b6c,0.005493823661037973
ck_9385f5a1eeebefcd,0.06305728203888121
ck_ee52c7bf88f952ab,0.010507851028271615
ck_d8116c34302021d7,0.0005999439640257306
ck_01645ea51972e99a,0.020589700652409896
ck_7b45ed23304a854b,0.012372332608217835
ck_2096d32f3d497ea1,0.10721718743218449
ck_dfbb2056f1ef7d3b,0.004334305483729649
ck_938ce30c864bc7df,0.0005681311506148283
ck_ff30dda2c881a4bd,0.7838167458048467
ck_f88c79186a082beb,0.015558967814796995
ck_08c7bb0f9851cb76,0.05244701424267175
ck_2675e7a008e584a7,0.01980651329795913
ck_cbaf8a954281d4e3,0.9473620466624256
ck_8b24eadf6c72b30c,0.6555129030706975
ck_ffc8e3c1377d0706,0.0034951646002256372
ck_5b59e859bed5b40e,0.012533547508505634
ck_7b61717f172f9317,0.9797858684626748
ck_e5c30947b732f661,0.020701410990954513
ck_bc273f3ce79f7e1a,0.004114875655676153
ck_f69e93388b3028cb,0.0805263763040235
ck_3837ad850996ba60,0.01669202123364984
ck_36d78ff3bc033ee5,0.007203152246607131
ck_5e20953547ba4135,0.056142083567642755
ck_258d661e450ac870,0.0054843063119833215
ck_1df66f537496ca59,0.01917843375239357
ck_361f535599110201,0.004500704046158052
ck_337e98c69f6e7886,0.007245409208476464
ck_d3d5b2717cfc3913,0.049714500186549326
ck_b1dba768dbe7affe,0.03088822079378963
ck_92d782bd9ce0d1e3,0.016460735920302717
ck_26bd0f8898afc8ba,0.0009443301999303662
ck_7916e53daab36745,0.027602887073816085
ck_2caf553b31831a50,0.006315298256640692
ck_c6200734c7f9b2f9,0.9206631836834425
ck_cdc55623cb16e6a9,0.002791503658692147
ck_57849e15b61c43b4,0.002123802419012172
ck_b7af9b2ee0eebbc6,0.009171443763884376
ck_00aa5fc3b3bc66aa,0.03535525729489734
ck_9929723f65636c7f,0.99566939702087
ck_8f6cce9f69912983,0.009059959259320322
ck_c422ba389ff00781,0.0005051765085889339
ck_9ec7f334604a228f,0.09338543832272404
ck_5d01200ba3341462,0.009492256629647628
ck_2bf10be403849c9a,0.009975959996163701
ck_6ca018259f70858f,0.01550372938538822
ck_a54dc042ebb7c766,0.40644038307993163
ck_79da63fc100830b5,0.004010085397860074
ck_67ab6f9e05c85085,0.008927560114249167
ck_fa80da579ea9afc0,0.011871886453478628
ck_4339f86c87289222,0.6916035445411729
ck_a2299b4f530be0d6,0.27666970116375844
ck_19db0bf788697c2b,0.01009420804290265
ck_fa4211c4d826d830,0.0005513630887854936
ck_96100d5e8e051e91,0.004269554283577822
ck_5c3a671883d58b3f,0.0004236545167904747
ck_2d9524787cfe1ab3,0.28395302712431075
ck_47ab8e51e5b3a2d8,0.0004780274997887683
ck_c924f36bc1bbbaa3,0.006186370755630055
ck_5c58e7f8fd55e26c,0.0037593518854926945
ck_a07e7409d6d5aa06,0.014972799340248921
ck_c8413898f5f7cb7d,0.032195664097393425
ck_577c816b41cab002,0.9204435491014191
ck_9f7807ed64cdb728,0.2292378949382117
ck_495d814d6d6d521e,0.0009136120319514636
ck_7aa8bc018c2b003b,0.0014408487800814413
ck_7c3a6a82f3c3241d,0.012798481748021963
ck_487f7fbc290e4ae2,0.003662976252938721
ck_e556c4d36aadbe03,0.0005585357479853825
ck_7e6569a1b2455cb0,0.001336031684288785
ck_de2924955926d046,0.03137863571579331
ck_73d60b4630e3937a,0.0012966420834768038
ck_805ee564bd35ef15,0.006180779305208228
ck_0d40961e47797027,0.001236396091086072
ck_f06d00a4f9c87d80,0.0010055136374092731
ck_5ef50fb07b6737d5,0.007587654688163074
ck_16541fc15683e21c,0.006735622985562496
ck_09fd43f1b7e2eca2,0.0011520496836079817
ck_2a2c336a69b8d68d,0.024851358146443497
ck_2685f38930866af0,0.017633357483361606
ck_298278a9da874437,0.0034532568077862967
ck_00bd7803f2530c68,0.025848717890268685
ck_c2b4a1d8c0b6c1cd,0.0007325142776377832
ck_2acb54ca20c3af6c,0.04449462761608582
ck_e3d4b6f681c783ab,0.03727491141691921
ck_f90293f1eba5d7b6,0.028743083451963903
ck_e69d27e8965df0be,0.001794995596675143
ck_b7f5d10b427346ad,0.0025657479585621643
ck_1ce20e4223a936b1,0.006688998967706964
ck_6b97d1ab90f6bdeb,0.0030922292746777534
ck_e30e17db5473c7b2,0.0014100494033860858
ck_154c8efb19dee665,0.0017721203415815246
ck_6f5bb0c930644cae,0.9987558736975686
ck_9e17699baa83d173,0.0011557938241389867
ck_9693b1eb70880205,0.0037220962370640245
ck_1e97899875bb427b,0.0034134186527186396
ck_558a82590f65df69,0.0007814302970968628
ck_18df83242ff3cdbb,0.022522938963298208
ck_80ad4396e1084c68,0.043385089187953384
ck_0a993bc947bab61f,0.020766252468497132
ck_5c2d43ff841632f9,0.012790433351294886
ck_6e4b99fb9725d9fa,0.01093197060585487
ck_e0983999ca26c19e,0.03952656260778019
ck_6573c4947cc8607e,0.0610915787256762
ck_d879d645d6e44207,0.00659035352404076
ck_1375ad9f10688e4a,0.0005483456301643711
ck_7501ebbf4e21f160,0.004229946298420206
ck_ca60d61cd4dc3bea,0.0010673676020572414
ck_ab9ea095a5c58b4b,0.0068914581988896466
ck_23756522b58df5d8,0.0005212461886061815
ck_90bc176c43d85fd5,0.15792624477736394
ck_908b663b2dda94ad,0.012924285238375873
ck_4df2fb8e4b649e27,0.0017596393308112461
ck_5615c6bbdef05291,0.08200827368847653
ck_b62f3e3185251f71,0.0009732561279729679
ck_38d1a22850178f33,0.0021096485834033313
ck_5b3ba20c8bb1383b,0.005361933427131513
ck_5576ffc6aaf6f22c,0.00023306522603251862
ck_cf7a022178165e56,0.002074486859916302
ck_f2c7a4c50e2ede96,0.029802064973601574
ck_285719c77eadf915,0.0006564125047490385
ck_f2aa1b677619ab19,0.005778019898770566
ck_3830c58d841e9e69,0.7861608621159039
ck_32eba3510c8eac5e,0.004820868458573773
ck_8955d7b9030d5eb5,0.003392444824407114
ck_6775e387dace7525,0.028668943238065944
ck_0a0cd7f4be606a93,0.0530808920396059
ck_a9f700eee5d638df,0.0020529418887517137
ck_3d7db96995745472,0.026846462216163918
ck_aeed557007d52e9c,0.0002065316754351616
ck_79b6a86830156b5a,0.031687652607572635
ck_6a1ff9d69466181c,0.998870361654105
ck_f11b1565f986f5e3,0.015306208647883748
ck_4819327a78615485,0.0007093323076999792
ck_3ed9e081959b2f5c,0.008489700414676634
ck_16af4be191c47d3d,0.0005276752285302789
ck_25122cc0e8b1a662,0.09386422520587107
ck_509c22828d467ba3,0.05646939900907293
ck_31109c899336348d,0.026961923920897173
ck_c51131e53baa59c7,0.0020428852809526604
ck_cf8ecabbc61d3e11,0.004693895140632737
ck_eb6baff0f85ba936,0.023088117525448856
ck_777669e2243204f2,0.8541126875304904
ck_ac0ea27e692acdc9,0.02253431516776479
ck_4c6ea04ce8ca9e2c,0.005023073996189602
ck_ca54b32fca7e94cd,0.004133383561025306
ck_4dfd8947f540eb24,0.00615055254850437
ck_95aff1fe27fb24bb,0.01320331356858571
ck_c7550723b90e5615,0.002815381809351208
ck_57b3fee69bdf85e8,0.0012874483106344859
ck_f823407ace7ff064,0.04966526210167671
ck_a69084a068bcc8aa,0.061516587170689085
ck_c7b17f7b24bef5d7,0.03733230032056795
ck_7c4e588f927c27c8,0.020905366689520033
ck_77fdac602d0c6f95,0.05136385947035419
ck_e963d8525018d072,0.012332719524702782
ck_6e8ebaea8f7bffaf,0.00026872438400869867
ck_aa42976a31cb7770,0.00453497832860909
ck_22c862a496008c96,0.9980310414901998
ck_527550dd15f38782,0.02304481683967093
ck_b3ab3c210e2c7c19,0.029105788975694425
ck_ed9c56fdb9f45ddc,0.22645210104585703
ck_b53281da70defcfa,0.007887276122581888
ck_03009b721568ee98,0.009818888170376324
ck_3d9afd862b3f4053,0.2029417078105784
ck_ad3c4be96599554a,0.004012148484546055
ck_d1c787c27d50af49,0.03364080824207156
ck_c7a9c7b2eef46a99,0.0019062681098730527
ck_53036d3c6c74446c,0.18176375693958016
ck_1b1efbd9c0964c8d,0.031239689976780848
ck_d66f42a269d5c1ed,0.0198599209591306
ck_fefc49a2b8ad993e,0.00700070259282912
ck_8b3b874249adece9,0.04177847803727589
ck_193d9c87ad3f1dad,0.0008872770393350748
ck_0c6a50d747593b7b,0.014384076090176655
ck_c830f3830875b47a,0.03156668245930915
ck_79e202f06d8dfe42,0.045100506678237534
ck_5c0fe988b8aa7fcb,0.2857671288632954
ck_a8382d8345f21e1e,0.006666361477900201
ck_8cb20053914692d0,0.017875797848281427
ck_1da2f69023ca4c13,0.0005793438939206624
ck_38abb60995114f8f,0.029131729338531986
ck_f5791fd8fd8fd191,0.020687276008098703
ck_a4e6fc391b674335,0.5631375716039689
ck_bd771efb4a7e15d0,0.01370835241658691
ck_38ba4a6b6a292054,0.04348369174985225
ck_f7a07283345a0dce,0.0007646344513119216
ck_87dc484baaf5a23a,0.0006193930392832519
ck_c84ef83489badbfd,0.03601557416253983
ck_a397cd64ec5d644b,0.0027550727445669007
ck_7977135c2ff61e92,0.005657121463829513
ck_52174855b243a8b0,0.03402747816364496
ck_0f35e930d0614613,0.9790171564474198
ck_b170a7db522a0d6f,0.00906097171473877
ck_7af748a23775bd54,0.19777928122611496
ck_52f641c9ee6fda70,0.0014305272212357025
ck_c3719a30414bbb4d,0.017541163758548514
ck_2baf214ad6bc0dbf,0.035555533491703845
ck_8b39d8aacfdd72b4,0.013144279804043086
ck_d39b0152116203be,0.008145876322295518
ck_ed33f8a937f9c7c8,0.007516198327498928
ck_8ef97b55a5fd6ec9,0.0004134088210125218
ck_8247f008a14bd1a2,0.0034446670831982888
ck_f0d349d68249d5db,0.000501075565267036
ck_a544e766540861fc,0.015181422113122319
ck_9dfaca4c7c80b10d,0.06767773816362894
ck_7e5401c362b2216a,0.0005612750902062581
ck_64ff60c073fdb6db,0.02126011663693343
ck_fc5ea49518e5d637,0.0007815961586822621
ck_580f136ced341298,0.0012371533760442924
ck_9cbef9bc95449dca,0.006344917256763008
ck_e475a3b8ba870a7e,0.004672802312051567
ck_97e94708bcf43563,0.006465903255262186
ck_13f03ec785cbdae1,0.00022571486048416148
ck_152820d8817f478c,0.007545251175275387
ck_d20d4ba60eec9945,0.0040864625162823276
ck_5c45968a805132e0,0.017630233316880614
ck_bebea2cf3063fb24,0.0028203944943316402
ck_c3c69aefe7ea1d2f,0.013586922209386301
ck_02028b72f26fe855,0.00402260373973974
ck_dfadff70a58a9133,0.0009843678988341157
ck_6482ed4491bedcaf,0.0022611006015284883
ck_754cd7b4a5ae3f94,0.02588911562220414
ck_3132857aec8485bc,0.000513085033200379
ck_7ce4ca91b8f9f1c1,0.003000978972502904
ck_41938582f4351772,0.004034461991308224
ck_f87d66946252476c,0.18042128636909308
ck_8053f1879a9b4e43,0.000561114595183463
ck_93892e91387f5103,0.00461035795944354
ck_15254db133b28371,0.009042787408090084
ck_d557b9feb241b3ec,0.00046369147231034303
ck_71c3a8e4c12c989f,0.0016832767951642817
ck_80e3041811033443,0.020890713020100222
ck_3380d60067b4634b,0.000839151941238059
ck_a9c2cdc758df8510,0.05456261847786619
ck_3c0031d7514da17b,0.012719277880074218
ck_18d214b1418be39d,0.004813649584994016
ck_7ce768407fd48321,0.019692946849296785
ck_7a50abd42298133b,0.009451033573725058
ck_2db10f987d137582,0.036697830987095344
ck_e077d004cd1d80ae,0.021074159703487094
ck_1cb6dc67f9a321b5,0.02492175486850759
ck_b864f64101149c35,0.22006084760499536
ck_9bedf54df9418e4a,0.0016942976038084952
ck_c47e32c47f0e6578,0.16227145424232925
ck_71f382d5e338daa3,0.0021190023315029696
ck_14b4bf7be6ac2b61,0.06017314301441301
ck_5c87eea1cc07cc92,0.02886342723898111
ck_5f445182829ef342,0.028197028171149264
ck_a5d7311291caaa54,0.0031176671796869864
ck_b7df99aecef385e6,0.03679123059764399
ck_3327a0582407068b,0.023018484977761322
ck_08dba09fd7dab896,0.010905905139360376
ck_f4ec334be5266378,0.002206857695994178
ck_240f7f894c5a86e7,0.0024233137753293193
ck_a9d994554fc14a02,0.00016627317524112273
ck_13648cbd306eee6d,0.0021702311177196425
ck_601edf9105b3c321,0.9934456545531377
ck_9527adac182abe57,0.3561948762726688
ck_4e0e80f5cc271bf7,0.0010160308408515629
ck_96a89e720176b389,0.02831445485982372
ck_63560eec94b76d2f,0.008104010913797201
ck_c9c99e5b19aeced8,0.0006910921682441069
ck_bc32655ee5ed643e,0.01946198084463697
ck_edccb5a93b741744,0.018413594308071535
ck_f786cbc987b70930,0.0010956751445318138
ck_0e8f26536ccc8947,0.025037434662423873
ck_b87ef4b98cfcec4c,0.01779272987783831
ck_1a9235812de4b2c1,0.014141365262848852
ck_d1ed88ea4211ba4d,0.003928376503443318
ck_a4ddac49657a4450,0.013022516440217333
ck_d9ffca35188e49d8,0.007552335045329436
ck_3db73bbe03c3d240,0.000517012054433533
ck_fffa0622344a36ab,0.0003646977161760923
ck_148c28df51bba5e9,0.8868501218613463
ck_076cbc25c8f15fc3,0.959888694759567
ck_e5ca550b39ed45bf,0.8382105892438005
ck_8dacf3a2061ca17d,0.05210905592402192
ck_2d7394afd61643d0,0.0020860722956328854
ck_e42206e91f6a1752,0.00022281463691426127
ck_2f4f94827984c426,0.008838280885040808
ck_edfe8e90e8f4366e,0.002320625880876739
ck_646b15f753e5e9c6,0.03562217047043019
ck_66600620149c8799,0.0028296291780586682
ck_4ff6fc70bccfba96,0.17967023494660636
ck_41af3729590c2484,0.006479437111588163
ck_920a48ba8c583e96,0.002356496260991493
ck_0253b3e7be021306,0.0003409256513139424
ck_2ae6949246ea2648,0.017358564345846473
ck_db23a5100f338d72,0.01603450588479295
ck_fcb2a559474c3493,0.005500359159627097
ck_0a4d7acd2a53cbbd,0.015322957655150633
ck_c5d62b2b7a6f3bac,0.9749859170175883
ck_cf59f4fc0ea690b2,0.0010338509252894774
ck_837be8126bb19250,0.0007414727455537776
ck_58955542edee1adc,0.002599539356828222
ck_1b93381d8eea58d1,0.004904811802201753
ck_97b8e05d62abdc14,0.019821664459471654
ck_71a0d645744302a3,0.0040660526081356466
ck_a7b57882ab66b111,0.0008229837148133667
ck_65f76421be648549,0.0129036247274992
ck_b53ea8713d32ca7c,0.004065196581729239
ck_991c4c924a1d85ff,0.4523306086473449
ck_8432ccec1a4ec7fd,0.9903838533709989
ck_64c1633297f43788,0.0005423593853643305
ck_4291fd9c1161d8e1,0.07487324020753944
ck_5e98ed6391d9f429,0.021374443451091633
ck_c7baebe4549fdbb4,0.08520537901068741
ck_6e67225ba59fa5ae,0.030193447054570957
ck_719602def4d35fe0,0.01592312434855843
ck_bdee7c86f5ebe81f,0.023746656845301417
ck_8de38f8c7f91961f,0.036239849316307256
ck_b0b5bf9254700402,0.01167982987152858
ck_7b55d9bb1a250d4f,0.059484854309793174
ck_3954b7b0fd1d6614,0.0002035078510515941
ck_f29471fe7c818d6a,0.0024716786324832374
ck_9e65a8a2f587691a,0.00750152671812829
ck_eaec5f1a83b66eb0,0.31987578015744617
ck_004fe0daecbe2c1a,0.848851778390542
ck_d17653a4a2d4a79e,0.02234039700808886
ck_0dd417fcbf19e424,0.025367988020387325
ck_4c99a6eadea143e2,0.16347589428476839
ck_74d602c907ee9119,0.0011565177100812916
ck_1aa87cb62acc0ac6,0.00531736317024327
ck_094974d75e29fb2f,0.20845852385700356
ck_5ef935ac3d4d3332,0.004777909311982793
ck_b26e4ae47c9107ed,0.10206334662718004
ck_396cea6f95186ad2,0.022139391370896794
ck_48446a9e8184c7d4,0.0009740542916223969
ck_31e1ede23247d56b,0.029420607512821422
ck_7afefa349b960a3e,0.012047906070779662
ck_f5e02a3432571b20,0.04654562938730825
ck_64eefec062592c43,0.004733703896614242
ck_a1201284122c141f,0.05489707951724348
ck_1b34c420a4c85a95,0.011441643195066159
ck_d637a011332ba67a,0.011027898866168584
ck_99c0004d8b7079f8,0.0014791406485222033
ck_948517bad569b40f,0.08354926476706952
ck_a28d6b1601b472a6,0.019590712717316088
ck_a0b4209feb31f5c0,0.9986691182113535
ck_d6d2c1f6dfc455b6,0.8279800208602897
ck_3f9e6d356d3dd3cf,0.0013989659598805323
ck_d08e00c842b75176,0.005485973086876526
ck_bfdd232a7c5f2660,0.036752473466583495
ck_2cdad03ed069438c,0.023638324505119938
ck_42317c3eabd0a285,0.9408512363485971
ck_3eb73e56751c704d,0.02087637166309382
ck_ef33c04f4c9e3758,0.030112298835176198
ck_1dc23dc870f1773d,0.006097919686644529
ck_76091f357974a152,0.0045655779695698865
ck_4d9eb75e8eee90fd,0.018932751781781876
ck_578f67e69e5d2cfd,0.0009563164742112969
ck_3a8ce1cc724229b8,0.00044756525254080205
ck_a96887f841e80fc1,0.01917527618633556
ck_d2d4a8f4a9f2c33f,0.0021873461873546216
ck_11f85bc705dbe036,0.014712210187416641
ck_7429b3f87528e335,0.0044687388806725
ck_26df74feac7ec51d,0.007827204272287563
ck_c78b2638fadd91ab,0.026279285848776663
ck_7eaad325abe3b50c,0.0010484191368192051
ck_fd44e34af620e606,0.021681018073032604
ck_f99738dff854e25f,0.0005123753751776417
ck_1ffbce3a239bb264,0.0014331175177288082
ck_96c7d52ba0a766ef,0.04314747525484531
ck_cb1c00c300af3f9e,0.13413996662681263
ck_ec3d12848ced99f2,0.0033221348833640586
ck_26cfd7c3c6c7bf69,0.021215808683855895
ck_7ae86b5a885affc3,0.09325577477528818
ck_3edaa94d28cd48ea,0.003168909907297556
ck_3209c530c9812e39,0.003072407169247503
ck_ea62ebfc1f04b49a,0.005437363472893339
ck_5fc90b4668ea81bf,0.018244932635665963
ck_95654593cdebd141,0.0008321358557798181
ck_958c0bd61820147f,0.043938866139985634
ck_8440ef1386c07194,0.007865313425318763
ck_8cd1b68dd74b1375,0.21078285009725736
ck_c9eb4df91ff07f2c,0.023910263928837938
ck_c29489366c01fe65,0.8226821841510672
ck_c965fd6bec0f0ecd,0.03205180760297316
ck_84c402b23766e1f2,0.009868221842556124
ck_181f3dae03b87136,0.02126954124257095
ck_022a8ae79eb28cf6,0.996914932784653
ck_469c17407d17b706,0.030011861262467996
ck_1fcc5843f39148a9,0.002756339560089595
ck_5debd55f361b2ddf,0.0017547640457905953
ck_28cb9b03e89263f1,0.0006079526487357069
ck_f067470743d3c7a2,0.07164037499199079
ck_d5d225ce41a1a762,0.010248322787412402
ck_15b4840922195ffd,0.010906160082404547
ck_6bcfa37c717f19f1,0.02331550625766159
ck_8d501a0386c66be8,0.11703552599449353
ck_1a9d6190c57ea7e2,0.3405726067645882
ck_c49832eabdac5bb7,0.0006381394132514117
ck_b4331140b2e0d4aa,0.0014676278421028336
ck_5efbea1befdefe1b,0.16136482029772084
ck_72ff52c4824072ce,0.024102360405403287
ck_ec3715add8bbb6e9,0.0010335710960397114
ck_9822f8ed05335741,0.011959254386476938
ck_c3d7d3d12a1981a3,0.003695753187207085
ck_a115a7919ac5875a,0.031028119153559807
ck_4dd4ed23e0b927b7,0.17803128048211617
ck_4c76efcc1ee6762d,0.009022246858796504
ck_3ad6e7bf452c9b21,0.023937242263003044
ck_dcbab304b55a42c7,0.014252587301634858
ck_24b53090faf722cf,0.00837431398648425
ck_187317383400491d,0.0006232865626164515
ck_e07fd57565c94c28,0.050272306147962485
ck_740e760fdcd27835,0.0007757713110595706
ck_d3796aebda1cfed5,0.8904052842532736
ck_e541967c681cb929,0.01427251451901663
ck_431118050b834dcb,0.00015421335870606986
ck_90f3655f0c8a0074,0.00032763995910548054
ck_13cd943777651aac,0.013694430406394087
ck_66accecabf3901c0,0.016216574237956312
ck_937f0da2306b2eb9,0.0015235538310523654
ck_105b0c93573fd5b7,0.9690963911059965
ck_00480407160e0743,0.004606933388544362
ck_e032068be7b77d15,0.0917575736287709
ck_991b7dfd69098320,0.0011789537836218369
ck_37d47cf0f34574a2,0.0003648909356398296
ck_011551a596544f5d,0.001738842201022347
ck_9acd98f4fe2d474e,0.2295464895019731
ck_7c88d3d377bb61bb,0.052724489012409476
ck_e2374c7136c964fd,0.0542518359266985
ck_2fa8f2577116e9ca,0.05102448234418916
ck_d07c5b0321c685ea,0.15488828438119953
ck_bc736114a31088a7,0.02392360766174838
ck_32bb42f9bff197f8,0.002646909722853812
ck_66267bbad1f1415f,0.9766170597167098
ck_19988702ccd79201,0.004070099231219306
ck_f473a03fbcdbc4b0,0.0025414233329621814
ck_e3f1d85fa5d49396,0.005767223462501557
ck_c4402ea6291df271,0.015441156422258554
ck_243bd5ca8c4ae5d0,0.00423616002082926
ck_f271e855925e8d6b,0.26133155034221395
ck_e424148c6f2223df,0.0012097751325716422
ck_e4d0a9e1102a58b5,0.007246499984486138
ck_91c2a5fe69b9b1d1,0.013323121718478081
ck_5fd8924732fe403e,0.15664918791361748
ck_9a881d5433126ada,0.008230979241928267
ck_73cab88b29c7845d,0.045612642836305096
ck_5b5dea6476d4e182,0.007653493018967636
ck_ccccb17d2ca6ce94,0.026915520078687572
ck_cd1dc68e441222b1,0.9900608192235888
ck_8312c49b1431a406,0.005632943568709407
ck_25fea39897f2a559,0.005166112777441946
ck_f56200205280bddf,0.045397960016707546
ck_7336611650dcc088,0.007564867946231226
ck_590716322ff147ae,0.02195418186814549
ck_c82364d87875a1a1,0.011884183304435343
ck_fa4b60387d744fc5,0.00069218052615224
ck_d841eba8906e9a15,0.0014056628190488292
ck_d6df562a79b9d0d9,0.012007487295919508
ck_59a14d2564193101,0.0027841794674696558
ck_8530158e3d7f59e7,0.004748001594152161
ck_ac68d707006c12a8,0.009632006958988902
ck_976fac1bb3dd8c58,0.02027589524687234
ck_f854fba8f4adae3d,0.05413480321467915
ck_b98e9c3ec6e7d1e7,0.003482217500631728
ck_803c0b4cf9d4bc1d,0.015226701589117741
ck_76997a33c3ea5107,0.0005197034074592178
ck_f1a9d832b700bda1,0.9880257657165821
ck_2bd96ddb8c323d63,0.9868323821083423
ck_9e5b7acf51b1b743,0.012272148494834786
ck_09169f22194fd6aa,0.026659931666705744
ck_6d69e092f9b0848b,0.0405162359423015
ck_9f83fa5a2d3b9049,0.032567300653726455
ck_57bbb19eecb4b87c,0.0012524924680304382
ck_e0e9cfabb979f428,0.004870737272549168
ck_b1ff9edc51d42f97,0.0037334791467176997
ck_4682fad271d47eb0,0.9505737890327598
ck_ab33fb754c818ae3,0.03927692430601293
ck_b456f62b80e21557,0.0008751905996063285
ck_16340be3f2a7fffd,0.0017474357086840586
ck_ce66831f6611014c,0.004666112649722808
ck_4610a073bb54d1b1,0.011717191676338177
ck_fd038a7d33a9d6e5,0.0025055945391763757
ck_c8198cb4c461304f,0.008632812137297899
ck_1e7de58822000dea,0.0011569119382469515
ck_b2a79dd3df560f14,0.052854497420169254
ck_74a06f347b32347f,0.003911002670551027
ck_c6fdb2972417c9bd,0.0317470405967736
ck_d7607a213b800bfb,0.030427155800937317
ck_df65967b8b40319c,0.000503683326828081
ck_329a73dbd585ee09,0.004407648247761906
ck_74991a9e85c3b07d,0.01501725914145162
ck_bb76609b79e0bc9f,0.00498145802652901
ck_f7fc1bd0b9ab1fa4,0.025885742242000447
ck_d111c98b36bdb791,0.0019473249352906473
ck_f07e27d125497b66,0.008865265991078307
ck_093e3a7134e11d6b,0.0029177657766984917
ck_862c7953bdea48b0,0.010642958186450904
ck_392cf2cdd515c34d,0.005092697140485026
ck_80eb91b0b4001084,0.06806197617669235
ck_5923f53b77193a58,0.23459415940742914
ck_8049f5fce32be185,0.7450015242655276
ck_ebc5a2c6cf88e252,0.06702042941503727
ck_9ea5872f14cce338,0.014944853077805098
ck_f7fbc95ebf584379,0.01414086011986381
ck_bafe82c870356706,0.9918283827607967
ck_278b36c5932d9bff,0.0006220222232023631
ck_6a892dd5d05c1649,0.004991265749365322
ck_0734fd90b2cabd43,0.007583084628109412
ck_9b552204498b6762,0.02043700329437773
ck_f6c909c205767956,0.016123497548407213
ck_32f590e87bc3d715,0.00023994168792269908
ck_66a8325f28be7562,0.001418635171125438
ck_b129261da9c3c3c9,0.0003712784051434837
ck_a524071c51ddde20,0.015385177311644266
ck_ba576d6d4cb6130b,0.14408519286179136
ck_8d8226520722af78,0.0373675074643712
ck_c5b0f0d4f1655a20,0.032137462218480926
ck_61814ae9b6d8eab1,0.006460790562882866
ck_382ebf136f7fa337,0.11878912355943277
ck_423ff4ede6a9f066,0.00927368754189195
ck_546ad962d04b7de4,0.8468354527204432
ck_9473ea4a01c95f9a,0.031810118234897995
ck_9eb1da8cd35a50ce,0.009222066846449302
ck_de5eaa2cdbcb67ff,0.07134157615382448
ck_537cc97d0398c922,0.07317079584402343
ck_998475a2e4dfad4e,0.003506930902219242
ck_e62eb708d2688fae,0.01733365932875688
ck_ea623358f704daa7,0.0765842418314961
ck_b911a09f328dfd4b,0.0014819720630232455
ck_4b3506b624e5193c,0.021975376610056496
ck_448456f96788713b,0.052537362357097384
ck_5d5ef9e75f65d076,0.006189003348052654
ck_3b74512f774a6e5a,0.00321048003955533
ck_a032e8ac1507c6df,0.7197674708180711
ck_7e2d6b22a0ae20c2,0.14733757936703373
ck_d80283209c963f11,0.005926059605955558
ck_d1157eade2ac3975,0.033066773197790666
ck_be48f583f79427f7,0.032957266116675786
ck_0027b5d4107d65d8,0.12977980612792128
ck_94fff69584dd3b2a,0.01997132714972111
ck_75fcda73f0b43557,0.009078852205412035
ck_a1c78972e4ee4082,0.00301403092066696
ck_f0982bbdbd122f91,0.00865879604602274
ck_3199b471575aeb3a,0.0024712026385033926
ck_7fa947a0b1c1cf74,0.09751095016294871
ck_a60c618b7f0e4252,0.004596137786009044
ck_722ac47c8ac9b6c3,0.0828499374653022
ck_d44dc3839a195c8a,0.15432467597194457
ck_a2c3e82fab520483,0.023693806980830668
ck_6f8ae0319c07cafe,0.0009558691610613588
ck_49886ff1e2c759d6,0.023657955187294407
ck_150a1108f936e6b0,0.0055047880701195465
ck_e21f9f96f597695b,0.017251516788828202
ck_7297bff2b7fdcbc8,0.0003645897296454151
ck_ee949c71f4f702eb,0.8987713778004678
ck_6fc37dea4b4f35c6,0.07156025644168251
ck_e76257caa98dc25d,0.983003438209967
ck_828eef2334e17b3a,0.012024055100810485
ck_604e1b8a8c693aa7,0.008136527102066528
ck_7743c9fe037d1f9e,0.0495499344628015
ck_864a11202e19e812,0.1396832401951911
ck_4ec040b9e3785e4a,0.0014524406985463962
ck_7346e4f820d9c00a,0.8880036945854219
ck_48d4d63beb26b623,0.007047439319452062
ck_c423aa6de3ed1e01,0.006363433022908062
ck_d74b2ead8aaa3f73,0.05382947137512422
ck_1dd69a11daa7bf1a,0.03504523380989089
ck_d9143e236eef177f,0.015723901408872906
ck_f790d91e5ff0eccd,0.18861721245586185
ck_69b5620e00ef5dec,0.00026653032201422714
ck_cd32e58e8a1c0e85,0.010819473008440777
ck_064013b0957d87a5,0.9952109219888676
ck_a481385c2e60dc4a,0.0007603791924482263
ck_d72035cb29db3aa4,0.018219595940307285
ck_3759939a0205306d,0.011887249807521956
ck_f437a53fc832ec95,0.8710917350511247
ck_260ef2f3e6434819,0.04209462402630502
ck_35e411b05d22f663,0.02944749051763021
ck_8bf46e472f3e20de,0.17686037660911258
ck_d546994fc5d3e9d1,0.009592933341744233
ck_6ff0fc7487e737e7,0.19480760269145767
ck_5c67f27816ae0b6f,0.013722218616974308
ck_c5517923458106ae,0.008138700608825697
ck_d9735647a6b0b0a7,0.6541755305285736
ck_541a734fc457246f,0.07784920129370208
ck_2f6a639468f41043,0.0067457012592213985
ck_bea2cf7a6b7bb900,0.003789088639987028
ck_7eebd0e6ad6c070e,0.011587896640484027
ck_b64c87d5e3b10e6a,0.9164262059187193
ck_9dd7daacb7833233,0.03139723897526662
ck_396e9ea9a6c6d7d9,0.013031481244291583
ck_1645e6cc53fa99ff,0.009637191362456329
ck_ea2a83ccb8d57490,0.0016224864655741782
ck_e64f0df63e1be595,0.024841610916825418
ck_fa0b234481cb57d3,0.037475960390114284
ck_63379e3c9fe6f711,0.013761034920788154
ck_c67f7944896a0310,0.033240788323853965
ck_c10e54c9db29e6ef,0.99737773173026
ck_7184ad7709ae4c80,0.03225479457460951
ck_f8b6069d7577fde6,0.0010614222786315783
ck_18444be153bac1ca,0.9115953851909072
ck_d0982b4e0e118e4d,0.019033991676455215
ck_6faf3e6820398866,0.041443454305661744
ck_97e980463aca4644,0.0019146096977075585
ck_630c835243c66b19,0.9421085312599647
ck_fe429ba3e1aa0e4f,0.005694812006415635
ck_1058129ed7b48c59,0.01040426064080645
ck_04a1a46f07885296,0.03127842723550046
ck_f01e94331067edf6,0.010930109341011122
ck_77b2fb17c29f5e72,0.01421376737851873
ck_4f0c5857da45fb28,0.058566964218288074
ck_2cfb9a7775e8a5bc,0.9917223221888508
ck_6846100e43659bf3,0.0009649242219827414
ck_f89719a854fe11d7,0.02989460187195349
ck_bf47375e41ca3bc0,0.0009017919485727702
ck_2770b0400a7bef08,0.034280642178477705
ck_2a09d142de1c77ff,0.01965232598773968
ck_857a1f5547b9ad68,0.013526195426061002
ck_185f15b1523bbcf4,0.0010657185107803117
ck_ab2aed614ec1cdf8,0.009701886928897004
ck_a9e7f3b2d5dfd97b,0.007734636372238296
ck_0eeb3d9b3e697edb,0.07425751057595646
ck_fa5830d81bc8ddc1,0.0013045883150745155
ck_231ae0329ebc3220,0.004146759989141584
ck_1587763dd54688c9,0.0025211103236408897
ck_9f85fea4490c00cf,0.008573473567824286
ck_a2d709e7eb91e4af,0.048493922332245754
ck_43637d28c7216453,0.004347343670074996
ck_f3ab5dd853d38252,0.05450481671410507
ck_4a1f0172d3bf4fd3,0.0012118592936541358
ck_517620ca16505af0,0.006442592426117403
ck_9ae904fbef56065c,0.0004937880884505343
ck_d5ef1f6e34bb35b8,0.03974933567362863
ck_ff42557857ae3aeb,0.001167609785548037
ck_ad9a18f58589faa7,0.0013091290391222664
ck_df1a6edaa3e6b271,0.004644853850975381
ck_99021fe7225b5a68,0.05703766625356202
ck_99e52c3c2530b69e,0.9920860240456594
ck_3a4811dc4a1a891d,0.003075903226841592
ck_ba3a6be026c87079,0.007484588586355614
ck_da6d1e5cf6aba6fd,0.005225024872367631
ck_ddc7c1f3d45fe6e6,0.031079954554626605
ck_e1b1e7a7e4a15b3e,0.0019977924334290396
ck_8288f7f226e08b89,0.01422470913298901
ck_c4524993ec31dbe5,0.0016877575639015249
ck_8b19bb5b23b6741c,0.028187854085179122
ck_d21b38231a8a9f4a,0.13572228650299462
ck_3f730318a9792292,0.024691710342263504
ck_a4db6e94a8f77f9d,0.0622760356190335
ck_a8cac8d480306839,0.0013825396090566336
ck_5472214011fbc2a7,0.0034379663211413793
ck_7356f47dbbbe7904,0.002689604667495895
ck_16801e628e883d78,0.003944371704120194
ck_0dc1e536231c4860,0.003921252899090147
ck_7cd0634a6e60af83,0.00561564992657067
ck_ef6f8e048ae1bd4b,0.002857475166421566
ck_82f3f744209888ac,0.02125942047690736
ck_f33188c232a03526,0.22033778953766658
ck_4a59f4e10bf45d7f,0.0008140615491968248
ck_d96c893721385e4e,0.0006293837481253737
ck_f65ab819373edb37,0.022239603083461002
ck_21cac21fc10b7768,0.01132156927578718
ck_139b54e6ccbdd7da,0.04489158864735482
ck_d6f5c8741697abb3,0.015686518797918683
ck_a28d9bb5590d458f,0.11139797424381681
ck_ed26d906883bea0a,0.003876132446126713
ck_227602ad072b838b,0.0003961543672420544
ck_39d5f6c17c745ab1,0.0013066795329928192
ck_744eade757ba69b5,0.0398981892710974
ck_c1295d97cdf35ec2,0.0036268553257559517
ck_69105f881da3c821,0.0019850126972853857
ck_933789b55361d7c1,0.9118409177940704
ck_b667952253503174,0.005578928873587601
ck_7bf668e25abeeb05,0.0023063834588418143
ck_91742711dfdffd56,0.05301509163356133
ck_af32a0660090dd68,0.03973860820878381
ck_2122f201e65f76ee,0.004792969233344083
ck_f48acb73a5d6af07,0.02390770268982308
ck_337c5684510cf432,0.05605220238264574
ck_f7bde7265053364d,0.01794703344153009
ck_c190c7b924edba75,0.09355102529348447
ck_044fa3b3a003f0b5,0.03882226422506963
ck_87eb43e3b9d96169,0.0688969527277673
ck_2d3d6c9364362017,0.0012332156732722495
ck_ac55dc6cbcdf8228,0.0048982035750173855
ck_61d7b0568ec5d6cf,0.01681354546898059
ck_89c74feeaffa7d09,0.0014354982815568875
ck_93776b0c113f41f0,0.036502879024085694
ck_15e0b679931f7a8d,0.00928378341098704
ck_77b56c49cfdb1d81,0.060441635759936184
ck_73188a826b5f499f,0.005223033082883054
ck_4f463ef25325ddfa,0.36291652131261115
ck_863db2e394dc47d1,0.9903239091043351
ck_d52432ed597f3cc9,0.002209810985916732
ck_04fb61e5739642f8,0.19920514223175426
ck_2e481d75d110c06d,0.07810483247341322
ck_3fa1a523d77cd619,0.014895186331816898
ck_466dc6274fecd708,0.003948898106935873
ck_e1790b3aa2241b10,0.9379770129583115
ck_84ad096a46e1a960,0.08529124370827794
ck_3be72c9c178fa00d,0.018262286058389348
ck_5a17c89219d1d9fe,0.02143981585753406
ck_4f639f4ee6ce8d9e,0.11446907849538235
ck_f4ec4a935e51b4db,0.011590686776139789
ck_f04040a830f92bac,0.011061174121719941
ck_3e4d02a04be2aaf8,0.005950140566907201
ck_4d1baef193cfb900,0.027163388583492765
ck_0fb3153d37626b75,0.0010942454718553174
ck_88ec57a11b11f702,0.9659577547001241
ck_dca9dc465f759db4,0.004235875012212631
ck_64f5fba6af67e024,0.006454895061489761
ck_896096cb167254ef,0.035988345799233296
ck_7878679065876b98,0.056854465068405864
ck_fe8e5a6c880ceb4e,0.0019799956097410597
ck_a5e036327d3d1862,0.001139234968687111
ck_310f73940fc4cf4f,0.017878033876446084
ck_46a8db16ad00b749,0.08174958170139489
ck_0d33977c3de8cfaf,0.9950355698372384
ck_c6fff412f531db0f,0.000335103642222165
ck_bac6dadf428eaea9,0.02670925734745003
ck_1b96d9af0d7da2d5,0.0038493172168065012
ck_fa8a4a9e77799fcc,0.0015621278385411054
ck_0bf48607a874b4d1,0.0024267647833927813
ck_eeb75f8a6439f65e,0.02455478996286122
ck_a209a5f7d172125e,0.011008158219438277
ck_8f346b72fb40bf14,0.005130536580874946
ck_bccbf9fef367f00f,0.03403719899488092
ck_2d1548f1ee405cc9,0.006248567843902985
ck_e8298ff2dc1e9d50,0.0037334514142014752
ck_77c0fb524edb4a94,0.0027644099768498686
ck_28ac4c5134cb8e77,0.044216623926049886
ck_db23a0e3e54be60c,0.6076965388804517
ck_a059d00cee5cee99,0.0032629132348818723
ck_3e9e3bba8bd363af,0.0015469869151477935
ck_0428728df24cdab4,0.004327641241757112
ck_88cd35378075c84f,0.0010588642467986786
ck_0174d76398d9dc0f,0.010866397610397746
ck_3f1287e6c27de0dc,0.013411213562182027
ck_ff822700f3605e06,0.9888127801658476
ck_4563227b2038ae07,0.6183327044267194
ck_788e78065526ee19,0.034452433314974946
ck_8a16eb584093b12f,0.0006981117935090068
ck_cc276f71ab6c08fd,0.04144068519547559
ck_d61d97b21002f3e9,0.07175278090475722
ck_4b2e87d86a5e415c,0.03277961587859501
ck_3e6f35e4500d2f2a,0.0011730820803112153
ck_3acdb083e0d8ad61,0.0015047853867164128
ck_cd655202db489010,0.0016440175508414343
ck_829cbf5ccda481ae,0.010444767682250796
ck_f5882e6f98b8b4cd,0.0007518978633684995
ck_767947540b234add,0.03182691992620995
ck_a6e8e8f535b1f1d1,0.025673263414813467
ck_58412a2674fea506,0.05733282833510563
ck_fae7e518a585fa61,0.014771289429895125
ck_9c60ae6958d68dbd,0.416090771990949
ck_328696b8f5e54ec6,0.04323817413525564
ck_7df3f8f4f1068d62,0.002777636461520233
ck_cfadd21458230ef7,0.022766123376530046
ck_7048bedd554c703b,0.0012926922213700898
ck_50422466f145bfd7,0.0023069407659807146
ck_61e1f7168cd9ff25,0.037898747723577896
ck_733aff0f56f5b3c9,0.10978513058383273
ck_e14892e424180549,0.0006095899924800865
ck_03f6664a96de7d0f,0.020569158933052927
ck_b7f4baa2cc82fe61,0.004679729021742851
ck_1e51199a075ca0fa,0.003489753785615095
ck_0e70516fa07cfb17,0.8255888272536035
ck_0f37c554a5057801,0.8463370935971467
ck_5576b725de38d106,0.007565078542301006
ck_82f360df1e9f4eb8,0.04621296864131707
ck_395f3bd4aacd7ca6,0.010231098485361712
ck_5e8e857b63966609,0.16711248266445944
ck_93470896f0804b6b,0.9648212199019884
ck_3be854e42e76569a,0.0014478964066304686
ck_0567302c57a2417e,0.1342329988977943
ck_ee535461b5f05539,0.20246377098872545
ck_94a096c36162a153,0.013167717607005143
ck_dfc8f5c141fd7c63,0.006891830966418509
ck_98b34f2d704c1c2a,0.015297269184811243
ck_96dff7a09d45f116,0.07229007847309744
ck_79557434c129ba52,0.004916593208798634
ck_4596624a7c01d501,0.011170711974927095
ck_04e89fbd739243fa,0.0005098157926058598
ck_6149ffaf18872dc8,0.0010960029811268477
ck_cd78f0832a09bd8f,0.740056915212572
ck_7e29c10d781c3b41,0.008069173823326885
ck_1f7ee7b23fc6f2f4,0.001417693780655028
ck_c49b685d2b3ab89a,0.002457748284731281
ck_84569a8fc50e73ac,0.022315479135325462
ck_b92b11d205af91eb,0.0008127099455744005
ck_06280e6d6d2485b0,0.004089802642380445
ck_3c08546dd0c92863,0.015480935667574464
ck_99d3983f907828bf,0.0022346108779540087
ck_eccfd552aa652d3c,0.017028987063400062
ck_0cff8153881875ba,0.022141997419398624
ck_c1aebbeca6ab5ff9,0.0032741486948714843
ck_538fdbbb3c2bcbbb,0.020655010300075632
ck_8c0210322733c718,0.007844846804667419
ck_0b0c93039f987abc,0.03594182396256686
ck_6d07d6d1bd227d37,0.04616801017396038
ck_9b6ee35e8cd0b11c,0.0025808135454493913
ck_d838491d3d4f5ecf,0.0029866757270446665
ck_0593ae243a9ebee9,0.008257383552917845
ck_ef261fc09be8eb0b,0.00214536653684216
ck_d0935b571a4a3868,0.010757117594781386
ck_97d04a67a104af39,0.08726026181760511
ck_e25f70d0b7229420,0.00976134077747008
ck_9b71274ff83de482,0.9864083562955063
ck_6de2aa2bb60978d3,0.03218171961335985
ck_eda55c8fb47593d7,0.009446303347207294
ck_924e572517515f19,0.19156271682219414
ck_d6f27eacbad310f4,0.009167309937092102
ck_8550f229b5eb03ab,0.0038354523192377452
ck_e3e95546a84d0ed8,0.01660347610027008
ck_3135c019696ee6af,0.9354963840353797
ck_41ba315d8fccb559,0.006246236601238904
ck_72b86e4485da2d0f,0.989855706593314
ck_daaa995f3c2f0e47,0.015417589457841602
ck_053746067839696b,0.02097061969476126
ck_a15fe7d0f4b65c33,0.74263738709575
ck_15de11438732bb05,0.008201216937605824
ck_2c4d25acbe3fabd9,0.005629747177425817
ck_7f08078908599bd2,0.11340847056486224
ck_e794741742fb2619,0.018517540757691377
ck_238e53b6dee8c301,0.002297591052388677
ck_53a6a33060d5c8b8,0.0050480491713255195
ck_0e0919292ad33472,0.5210917506546257
ck_d86ccf148c06c8c8,0.01786617749259113
ck_c881f26c9bf9ae42,0.49428146891146413
ck_4b0947bf94e9d847,0.031001456021110735
ck_e10ff5c38bd18470,0.013984581398043377
ck_b60de9e97aad9e45,0.44734126068192204
ck_190bc849e5ff5401,0.020941223045037493
ck_e7be077aa0b2632c,0.002121050790931759
ck_a51abde881ebeff3,0.017038398267444552
ck_2208392a9f6bd249,0.028990261989876892
ck_0259da8f109017e9,0.0016203698631964962
ck_05e01ab9c95449da,0.025637329423319824
ck_c82897ebffb6ae66,0.004902793680970117
ck_b4a6bb4689cd7cfa,0.0113343783633789
ck_9e21ea33018ce538,0.010089798066854188
ck_caa348f0e65db062,0.9972328312527136
ck_a964e6b5d8415334,0.5415389723291009
ck_510bfbbee37ff436,0.01670087144398594
ck_9741a82faf5c7889,0.01386643676901262
ck_e7f61b4a39ba98ac,0.0004351050285181083
ck_069d158665a53909,0.004066080499078181
ck_6426427efe3228af,0.031657977972769424
ck_ab4a8d02ec3c0fd7,0.0003048466848951136
ck_aefa0d8d933e0eca,0.04528672674596859
ck_232325ef6bce92f1,0.008724249969795612
ck_14e58c3fb26a2b4d,0.017713885885386315
ck_06e73afdec26aecc,0.09670905558994398
ck_3168f4f2778d64e1,0.0072661940991703535
ck_ff3998d6858daa21,0.001533770009343044
ck_bccff46fb0868454,0.2721097335340119
ck_c7d444d90fa86d7c,0.44884804397278044
ck_f0bc3bdee6bfbb94,0.016170230818567048
ck_f7112818a6d81422,0.009194846639552752
ck_aca35dbcb835ad02,0.03558494880050603
ck_f637fabf0f60528f,0.0019203125244582522
ck_53d17ab97de1ac3e,0.0018613819665049922
ck_c8c1bf16d9113493,0.02239849610384767
ck_e842fb0cf055a83b,0.04326809284092614
ck_93c0cb3dac4891fe,0.004717755149512783
ck_0c1f088e17e46daf,0.031888678932806024
ck_8f4b384955bf57c9,0.006605603463322319
ck_09cd5c4df1e81ac2,0.03574477024900368
ck_1e832a5b2342554f,0.031552696556270965
ck_2cb763a881aee27f,0.0018432317183040515
ck_5875828b11406398,0.013068219259639946
ck_48e84b0cb0b90fa7,0.03225479457460951
ck_833688de8629c5c0,0.0003281098521327758
ck_117d78ccd5820f36,0.006776369084421638
ck_668ec61c4c39cae3,0.0017365868218410373
ck_73a7794b659d7a34,0.004917580321001543
ck_10f90d879209734f,0.008737676028646259
ck_d1d079913aa158bf,0.0012107360332825514
ck_01c631b38e8a9535,0.0034050273239282255
ck_f6923088c17a04e2,0.12070104023440183
ck_b447badc9138987d,0.0012947003945601935
ck_8b772caed8f1541c,0.0034326824713880374
ck_5403c76fe68a08ba,0.18922936156984282
ck_3e6833574edf1736,0.009191068860696107
ck_e527fbb9450a4581,0.960010093078942
ck_cc90e219f1ebf390,0.0005592505040430264
